epoch_ms,pg_cpu_pct,pg_mem_mb,queen_cpu_pct,queen_mem_mb,xact_commit_cum,wal_records_cum,wal_bytes_cum,wal_fsyncs_cum,wal_fsync_time_ms_cum,db_size_bytes,active_backends,top_wait
1785484216958,0.1,568.4,1.0,4.4,91,33446,9098369,33,8.392,9795263,15,transactionid
1785484217958,192.5,914.6,350.5,148.1,436,35326,9681317,115,44.32900000000001,11794111,12,WALWrite
1785484218959,99.8,934.2,349.9,216.2,1356,39715,10922502,355,124.82100000000001,14423743,6,ClientRead
1785484219958,165.6,1098.2,329.4,238.3,2412,48553,14033791,690,241.40200000000002,19199679,0,
1785484220958,156.6,1121.5,301.0,252.3,4221,63534,19186609,1465,468.33900000000006,25122495,8,WALWrite
1785484221958,186.4,1140.2,295.0,271.9,6084,82494,26044218,2112,723.9979999999999,32929471,0,
1785484222959,220.5,1183.7,293.0,283.8,8386,107508,35058091,3062,1020.7659999999998,42129087,0,
1785484223960,248.4,1230.0,294.4,298.7,11054,136282,45484148,4135,1323.8079999999998,53335743,17,WALWrite
1785484224959,278.2,1268.7,297.5,311.0,14031,169447,57776835,5241,1683.557,66262719,15,ClientRead
1785484225959,290.0,1324.8,293.4,323.2,17414,207331,71749315,6552,2118.009,80557759,1,
1785484226960,308.8,1382.4,322.6,332.9,20781,247917,87595043,7764,2497.1110000000003,96630463,5,ClientRead
1785484227958,353.4,1471.3,363.3,342.6,24580,304692,105575831,8998,2884.8630000000003,114554559,5,WalSync
1785484228959,337.6,1522.3,376.1,357.3,28171,350437,124738210,10066,3369.134,134051519,9,WALWrite
1785484229959,346.9,1587.6,370.9,370.5,31709,397741,145506197,11260,3877.4770000000003,155805375,15,WALWrite
1785484230960,364.8,1652.1,384.9,383.8,35160,447838,167995399,12353,4330.0380000000005,178026175,15,WALWrite
1785484231959,361.2,1737.0,399.7,429.1,39015,501809,192118043,13546,4782.268000000001,202561215,1,
1785484232960,378.0,1808.6,397.9,453.4,42754,557124,217850786,14775,5261.772000000001,228366015,19,WALWrite
1785484233958,379.6,1901.4,412.2,483.4,46513,614688,244915175,15954,5694.304000000001,256652991,3,WALWrite
1785484234959,353.7,2001.2,430.2,515.8,50494,675416,273797837,17259,6184.001000000001,285931199,4,ClientRead
1785484235959,375.1,2100.6,444.4,528.3,54027,736264,304413768,18306,6696.561000000001,317109951,9,ClientRead
1785484236959,396.5,2202.4,472.7,547.2,57944,801296,336843740,19432,7193.767000000001,349697727,1,ClientRead
1785484237960,408.6,2319.6,494.4,565.0,61771,869404,370879763,20631,7664.597000000001,384202431,11,WALWrite
1785484238959,433.7,2419.0,488.2,587.3,65536,970922,407917410,21761,8174.297000000001,420976319,6,ClientRead
1785484239958,400.2,2532.5,517.1,605.2,69544,1043691,445477520,23070,8675.456,457930431,16,WALWrite
1785484240959,381.7,2649.3,520.8,630.4,73344,1116952,484279130,24165,9216.26,498030271,9,WALWrite
1785484241959,384.7,2786.8,543.8,652.1,76955,1192883,525160534,25260,9703.416000000001,538146495,20,WALWrite
1785484242959,408.6,2910.6,541.7,665.8,80759,1271510,567263424,26318,10202.38,580744895,12,WALWrite
1785484243959,382.0,3056.5,565.3,683.5,84407,1352679,611001798,27391,10668.460000000001,624498367,6,WALWrite
1785484244959,390.6,3208.1,565.6,710.6,88077,1433380,656102149,28566,11198.137999999999,670463679,3,WALWrite
1785484245959,388.8,3355.5,583.0,745.4,91694,1517555,703426687,29525,11679.901000000002,718198463,14,WALWrite
1785484246959,367.3,3495.5,603.6,777.5,94967,1602771,752865646,30524,12290.456,766703295,3,ClientRead
1785484247958,393.7,3663.2,605.6,818.0,98469,1688331,803466688,31629,12838.822999999999,815503039,12,WALWrite
1785484248959,407.3,3821.7,605.3,856.3,101630,1824529,856283042,32555,13388.604000000001,865490623,2,WalSync
1785484249960,367.6,3963.7,624.6,893.2,105088,1909104,905850318,33739,13897.069000000001,914781887,0,
1785484250960,374.9,4114.0,632.1,908.2,108382,1994763,955984468,34732,14450.211000000001,964925119,4,WALWrite
1785484251959,241.2,4237.0,659.5,1329.5,108651,2002625,960690528,34797,14476.300000000001,998700735,21,WALWrite
1785484252959,31.9,4351.4,828.1,2797.5,109183,2026998,979426235,34944,14722.780999999999,1027462847,20,WALWrite
1785484253958,102.1,4610.9,1327.2,3572.4,111256,2150901,1082937315,35623,16155.9,1102665407,5,WALWrite
1785484254960,331.6,4775.8,919.2,3620.3,112408,2216288,1133855528,36161,16511.575,1154627263,4,WALWrite
1785484255958,356.6,4931.8,773.5,3653.0,115491,2298957,1183240288,37310,17118.797000000002,1201895103,1,WalSync
1785484256959,349.0,5088.9,721.3,3671.6,118483,2381174,1232849775,38321,17626.533,1252136639,15,WALWrite
1785484257959,359.3,5256.3,718.7,3693.8,121358,2465232,1283187285,39203,18222.081,1301411519,15,WALWrite
1785484258958,423.6,5406.6,730.9,3697.8,124200,2605999,1335939253,40166,18747.427,1352160959,16,WALWrite
1785484259959,374.7,5559.3,700.6,3700.5,127658,2692573,1386361239,41349,19289.374999999996,1401304767,12,WALWrite
1785484260960,377.2,5715.4,721.0,3704.1,130866,2775002,1434543556,42392,19839.42,1451644607,13,WALWrite
1785484261959,338.3,5867.6,723.7,3708.7,133897,2859750,1484658882,43314,20483.698,1500681919,2,ClientRead
1785484262959,364.4,6021.4,760.0,3740.2,136769,2941868,1534759019,44179,21075.432,1550087871,14,WALWrite
1785484263960,400.1,6175.4,740.2,3743.4,140066,3025761,1583388778,45154,21616.604999999996,1600050879,1,
1785484264959,372.1,6334.6,733.6,3737.4,143433,3112402,1634054212,46291,22200.042999999998,1649989311,3,ClientRead
1785484265960,377.7,6476.3,748.3,3736.8,146667,3198401,1684599520,47399,22760.447,1699116735,5,WalSync
1785484266959,355.1,6631.7,723.1,3738.4,149715,3280486,1733571084,48387,23249.362,1748260543,1,
1785484267960,370.1,6794.8,729.4,3743.9,152784,3362417,1782414374,49402,23797.435999999998,1797232319,5,
1785484268959,413.4,6954.8,733.0,3743.9,155641,3505290,1835707721,50244,24391.154000000002,1847555775,5,WALWrite
1785484269959,374.1,7092.0,726.3,3746.7,158961,3591130,1885810725,51383,24981.811,1897518783,18,ClientRead
1785484270959,366.3,7249.7,742.8,3744.9,162087,3675800,1935654153,52426,25511.213,1946326719,10,ClientRead
1785484271958,396.7,7398.7,741.5,3738.2,165583,3761865,1984873621,53495,26043.787000000004,1995839167,2,ClientRead
1785484272959,371.8,7557.3,713.1,3744.3,168856,3846407,2035297498,54600,26542.571000000004,2045359807,8,WALWrite
1785484273958,367.7,7711.6,727.9,3742.8,172097,3931216,2084814609,55635,27072.440000000002,2094044863,18,WALWrite
1785484274959,398.1,7868.2,724.9,3745.4,175754,4019661,2135423218,56845,27625.674,2144663231,18,WALWrite
1785484275959,349.4,8024.8,732.8,3748.6,178937,4105450,2186512817,57948,28215.078,2194732735,1,DataFileExtend
1785484276959,353.7,8179.6,724.4,3748.2,181990,4187491,2234744144,58992,28725.992000000006,2244654783,13,WALWrite
1785484277959,383.9,8349.8,718.4,3751.9,185286,4272210,2284416767,60057,29257.562000000005,2294527679,11,WALWrite
1785484278958,388.7,8493.9,737.5,3747.8,188195,4357161,2335259297,60987,29895.283000000003,2344371903,3,BufferContent
1785484279958,367.8,8646.5,718.9,3747.5,191372,4438715,2383540466,62109,30366.714000000004,2393544383,0,
1785484280959,352.7,8801.6,705.0,3746.8,194520,4523491,2433356550,63252,30947.018000000004,2443359935,6,WALWrite
1785484281958,370.2,8954.1,715.6,3747.3,197502,4603797,2480124999,64242,31469.522000000004,2492462783,0,
1785484282959,370.3,9110.4,726.0,3748.3,200744,4688957,2530091386,65293,31990.826000000005,2541975231,12,ClientRead
1785484283958,340.1,9237.2,701.6,3748.8,202191,4727384,2552761573,65764,32216.511000000002,2585253567,23,WALWrite
1785484284959,36.2,9291.6,718.1,4055.9,202593,4742265,2562864255,65885,32268.858000000004,2603742911,20,WALWrite
1785484285960,73.5,9514.7,1164.2,5279.6,204290,4857746,2663997495,66485,34122.42399999999,2663962303,0,
1785484286959,103.8,9728.9,1306.1,5318.2,204608,4912609,2716874708,66752,34422.854999999996,2727073471,5,BufferContent
1785484287962,241.3,9903.1,918.0,5327.4,205910,4980056,2767994379,67478,34865.015999999996,2780796607,19,WALWrite
1785484288959,432.2,10048.4,829.2,5332.8,208138,5174843,2823406286,68310,35373.295999999995,2828531391,17,WALWrite
1785484289960,371.5,10196.0,784.7,5345.1,211099,5254343,2870606924,69357,35918.401999999995,2878166719,0,
1785484290960,362.2,10348.1,748.4,5347.2,213861,5332611,2917358675,70203,36382.07,2927933119,13,WALWrite
1785484291960,346.7,10501.2,741.8,5347.5,216782,5411948,2964492807,71124,36911.111,2977691327,12,WALWrite
1785484292962,342.0,10658.4,731.1,5349.7,219710,5493711,3013343814,72099,37435.31399999999,3025917631,13,WALWrite
1785484293959,369.4,10814.6,728.2,5352.0,222796,5578316,3063443232,73091,38004.695999999996,3076273855,20,WALWrite
1785484294958,351.7,10969.1,757.4,5351.4,225991,5662164,3112749326,74076,38548.653,3126851263,17,WALWrite
1785484295958,350.5,11122.9,746.7,5352.0,228920,5745532,3162740193,74888,39174.33499999999,3176658623,1,WalSync
1785484296959,379.3,11280.1,736.5,5349.4,232131,5830240,3212208046,75879,39810.788,3226121919,4,ClientRead
1785484297958,381.1,11449.9,738.4,5352.0,235352,5915431,3262524675,76874,40329.456999999995,3275626175,14,extend
1785484298958,411.4,11592.9,732.0,5354.1,238169,5991375,3307656866,77794,40834.03399999999,3325892287,11,WALWrite
1785484299960,379.8,11750.1,743.8,5353.4,241380,6070375,3353662351,78877,41318.727999999996,3375519423,6,WALWrite
1785484300960,361.5,11906.5,757.0,5352.3,244424,6152794,3403190316,79816,41829.988,3425466047,17,WALWrite
1785484301961,127.0,12010.3,699.3,5379.6,245528,6184442,3423153102,80131,42284.384,3458741951,21,WALWrite
1785484302959,67.5,12185.5,1089.5,5528.4,246672,6275060,3503649138,80472,43555.316999999995,3505755839,1,ClientRead
1785484303960,197.1,12365.8,1107.3,5419.2,247307,6334286,3554098283,80850,43887.181,3567883967,9,WALWrite
1785484304959,391.7,12523.3,842.8,5423.6,249718,6407263,3599021290,81717,44375.626,3616716479,16,WALWrite
1785484305959,342.6,12677.7,773.5,5421.9,252772,6485538,3645776380,82800,44931.53299999999,3664197311,20,WALWrite
1785484306960,352.8,12832.4,762.8,5421.1,255800,6570077,3696770041,83731,45394.307,3713627839,3,ClientRead
1785484307959,372.1,12998.6,769.8,5431.3,258904,6650860,3746557629,84727,45974.719,3765196479,19,WALWrite
1785484308958,429.5,13143.1,752.5,5429.2,261776,6835337,3802348532,85674,46536.725,3814454975,8,extend
1785484309960,368.4,13291.6,764.6,5428.4,264933,6919449,3852439205,86778,47116.199,3864024767,4,ClientRead
1785484310960,370.1,13448.2,755.2,5430.1,268126,7002125,3901333382,87825,47615.522000000004,3914249919,8,ClientRead
1785484311958,368.8,13596.7,793.3,5430.4,271301,7086521,3951089111,88796,48162.306000000004,3961632447,18,WALWrite
1785484312959,355.0,13749.5,784.9,5424.9,274311,7169600,4000895945,89822,48777.02100000001,4011456191,19,WALWrite
1785484313959,341.2,13897.3,790.2,5426.5,277147,7251718,4050760241,90725,49334.822,4062901951,19,WALWrite
1785484314959,371.5,14061.0,778.8,5426.9,280404,7337077,4101562182,91865,49895.87,4112496319,8,WALWrite
1785484315959,382.5,14216.7,778.0,5428.2,283657,7421964,4151041623,92921,50387.44,4162303679,0,
1785484316960,367.1,14367.7,781.0,5428.7,286816,7507467,4200841447,93937,50958.48,4212528831,12,WALWrite
1785484317959,338.9,14535.0,765.8,5428.2,289635,7588154,4249635013,94788,51540.962999999996,4261754559,14,WALWrite
1785484318959,151.4,14622.4,726.9,5449.8,289702,7591563,4252293412,94812,51557.77,4290770623,21,WALWrite
1785484319961,126.7,14836.2,1209.8,5461.9,290797,7698467,4327594627,95216,52664.57,4353881791,3,ClientRead
1785484320961,291.5,14991.9,909.6,5463.4,292057,7764966,4379364363,95877,53045.897,4402820799,13,WALWrite
1785484321960,377.6,15144.5,855.8,5466.1,294758,7841776,4426124989,96847,53579.981999999996,4452275903,2,ClientRead
1785484322958,379.4,15302.2,798.7,5467.6,297837,7925487,4474825051,97764,54100.705,4501370559,10,BufferContent
1785484323959,359.1,15437.4,783.1,5468.0,300802,8008203,4523696683,98620,54728.731999999996,4550547135,16,WALWrite
1785484324959,351.7,15594.7,765.0,5469.0,303755,8090703,4572248746,99469,55261.727,4599551679,10,WALWrite
1785484325959,333.4,15751.1,780.9,5467.8,306596,8173841,4622903426,100371,55864.41399999999,4650538687,7,WALWrite
1785484326959,334.1,15905.4,807.0,5468.2,309419,8256003,4672048245,101271,56513.19499999999,4698379967,18,WALWrite
1785484327960,353.2,16069.4,791.6,5467.4,312255,8339121,4722575332,102094,57132.757999999994,4749080255,20,WALWrite
1785484328959,363.0,16204.2,811.3,5466.3,314878,8423315,4774178877,102819,57795.343,4799329983,1,ClientRead
1785484329959,319.5,16360.6,802.8,5466.8,317408,8501072,4822504884,103694,58380.06,4848342719,4,WALWrite
1785484330960,354.7,16515.4,775.6,5470.0,320290,8582621,4871630776,104622,58999.573,4897928895,16,ClientRead
1785484331962,362.6,16666.7,778.7,5471.5,323502,8667984,4921979381,105691,59556.577,4948825791,13,ClientRead
1785484332958,386.3,16824.9,798.8,5470.2,326583,8751096,4971160320,106705,60095.155999999995,4996953791,5,ClientRead
1785484333959,360.9,16974.3,824.0,5470.6,329795,8836476,5021092373,107735,60678.038,5047834303,5,ClientRead
1785484334959,301.2,17125.4,867.9,5471.1,332995,8926371,5077796744,108726,61213.017,5094725311,0,
1785484335959,349.9,17284.2,871.2,5474.3,335567,9004131,5125880493,109648,61938.496999999996,5145433791,14,WALWrite
1785484336960,353.2,17434.2,851.7,5471.2,338468,9087612,5175795655,110620,62478.561,5195003583,3,ClientRead
1785484337959,380.6,17599.5,838.3,5470.3,341614,9170330,5225966883,111635,63093.37099999999,5244384959,12,extend
1785484338958,433.7,17762.6,855.5,5473.7,344433,9408829,5285631287,112488,63606.774,5296723647,9,WALWrite
1785484339959,376.0,17897.1,837.5,5471.7,347374,9490933,5334418071,113464,64187.863,5346490047,6,WALWrite
1785484340960,102.0,17993.3,840.4,5477.2,347500,9495705,5337682316,113503,64328.462999999996,5377103551,26,WALWrite
1785484341961,62.0,18157.4,1113.1,5943.1,348696,9597668,5429587563,113885,65638.50500000002,5428205247,0,
1785484342960,96.4,18319.0,1238.9,5955.6,349118,9647758,5475403521,114164,66050.43900000001,5483812543,1,ClientRead
1785484343960,247.6,18482.1,985.1,5958.9,350423,9714578,5523850172,114823,66478.736,5533988543,13,WALWrite
1785484344959,383.2,18643.1,865.5,5966.2,352946,9784039,5566149340,115725,66964.88000000002,5581698751,11,extend
1785484345959,352.3,18796.4,803.6,5971.0,355909,9867221,5616819714,116658,67460.00300000001,5631989439,7,WALWrite
1785484346961,324.1,18947.8,810.2,5974.0,358789,9947971,5666014066,117658,68015.29900000001,5681723071,18,WALWrite
1785484347959,367.7,19112.4,776.3,5982.2,361672,10030777,5716071674,118640,68586.49100000001,5732529855,14,WALWrite
1785484348958,418.2,19259.3,799.3,5974.5,364546,10113012,5765019399,119604,69179.64000000001,5783008959,7,WALWrite
1785484349959,381.3,19416.5,829.3,5977.5,367761,10198088,5815055049,120687,69715.05,5833537215,5,WALWrite
1785484350959,331.0,19568.1,813.1,5979.9,370668,10279634,5863457186,121490,70310.02200000001,5882558143,11,WALWrite
1785484351959,314.1,19715.7,785.6,5980.0,372160,10324613,5891215578,121950,70752.92300000001,5927843519,22,WALWrite
1785484352959,66.0,19846.6,972.0,5991.0,374065,10417949,5963096638,122504,71473.26600000002,5971015359,3,WalSync
1785484353960,249.2,20012.0,985.4,5980.6,375318,10479135,6008538220,123127,72189.32600000002,6027851455,13,WALWrite
1785484354959,366.4,20167.7,854.0,5980.4,377914,10556481,6055734381,124038,72745.17800000001,6076503743,7,ClientRead
1785484355959,379.8,20323.3,815.7,5977.7,381171,10639757,6104623471,125209,73332.90500000001,6125237951,13,ClientRead
1785484356959,331.6,20465.8,806.2,5978.8,383968,10722652,6155416962,126047,73898.53800000002,6175209151,8,ClientRead
1785484357958,334.4,20620.5,823.3,5978.9,386661,10801862,6203541150,126852,74587.83300000001,6225024703,15,WALWrite
1785484358959,375.2,20768.9,820.0,5977.0,388853,10881199,6252618723,127486,75264.89,6271047359,18,WALWrite
1785484359959,316.7,20921.6,806.2,5977.9,391539,10954701,6298612193,128357,75847.519,6321256127,20,WALWrite
1785484360959,322.8,21073.7,813.5,5980.9,394264,11038393,6350117620,129179,76499.21500000001,6371243711,19,WALWrite
1785484361958,340.9,21231.8,814.7,5978.7,397072,11120395,6399697971,130008,77128.75700000001,6422107839,19,WALWrite
1785484362958,358.7,21383.4,812.7,5979.3,400033,11203643,6448772637,130850,77703.79200000002,6470473407,10,WALWrite
1785484363959,369.7,21539.7,782.0,5979.0,403219,11286513,6496870458,131817,78253.36800000002,6518920895,1,
1785484364960,410.5,21696.6,811.1,5979.6,406530,11373621,6547501610,132831,78817.464,6570301119,5,ClientRead
1785484365958,378.7,21849.6,808.8,5980.8,409993,11461757,6598449136,133994,79388.494,6619600575,11,WALWrite
1785484366959,379.3,22003.9,810.6,5982.4,413076,11539701,6643075940,134959,79871.45300000001,6667671231,1,
1785484367959,365.4,22168.0,814.8,6007.9,416321,11623855,6693377272,136051,80386.76300000002,6720050879,2,
1785484368959,449.3,22310.8,849.4,6021.4,419381,11739486,6745141746,137056,80946.97000000003,6769866431,0,
1785484369960,365.5,22465.1,819.8,6020.7,422643,11823309,6793806757,138168,81539.86800000002,6819129023,8,ClientRead
1785484370959,353.3,22620.2,809.9,6020.2,425689,11905880,6842756108,139254,82018.24300000002,6868113087,3,ClientRead
1785484371959,349.8,22776.4,820.0,6021.3,428442,11983025,6888706675,140202,82563.80400000002,6917674687,14,WALWrite
1785484372959,385.9,22928.3,813.6,6026.1,431443,12063369,6935755699,141159,83104.23200000002,6967711423,17,extend
1785484373958,334.5,23081.6,825.4,6022.8,434502,12145966,6984973661,142114,83724.71200000001,7016953535,5,ClientRead
1785484374959,385.5,23233.4,816.3,6023.3,436973,12212489,7025253979,142993,84158.319,7065433791,4,ClientRead
1785484375959,360.8,23383.4,825.4,6024.7,440024,12295113,7073850653,143984,84679.90800000001,7116027583,5,WALWrite
1785484376960,359.0,23534.2,807.6,6033.4,443151,12379131,7122608159,144993,85297.23100000003,7165294271,0,
1785484377959,348.9,23700.0,799.2,6026.2,446174,12465318,7174018127,146010,85785.47400000002,7216436927,4,
1785484378959,315.3,23820.0,782.7,6043.4,448348,12527045,7210569671,146731,86305.34000000001,7254849215,25,WALWrite
1785484379959,83.3,23845.9,689.3,6383.8,449382,12779166,7255587699,147067,86883.187,7275607743,8,WALWrite
1785484380960,125.1,24124.3,1539.9,6763.3,449923,12842918,7315731725,147301,87677.769,7351383743,0,
1785484381958,192.8,24303.8,1052.3,6735.4,450771,12916459,7380752497,147845,88108.09300000001,7406139071,0,
1785484382959,350.7,24459.6,928.6,6753.6,452429,12981629,7424155282,148563,88506.994,7454521023,12,WALWrite
1785484383959,347.5,24599.7,846.1,6757.6,455169,13058041,7469767792,149466,89090.40000000001,7503894207,3,ClientRead
1785484384959,352.7,24761.8,851.8,6743.3,457857,13138150,7518609024,150283,89647.638,7553545919,15,ClientRead
1785484385959,88.8,24851.1,739.9,6751.5,459294,13184560,7548157019,150692,90008.719,7574992575,20,WALWrite
1785484386960,113.7,25043.4,1279.6,6798.8,460435,13266117,7619523611,151075,91242.333,7645542079,7,ClientRead
1785484387959,317.2,25214.4,978.8,6787.0,461715,13331901,7668394630,151664,91618.49,7696512703,16,extend
1785484388961,421.3,25361.2,901.8,6790.0,464306,13413556,7718199741,152598,92204.43800000001,7747344063,10,WALWrite
1785484389961,353.7,25519.6,851.9,6791.6,467341,13498150,7768499333,153609,92857.38700000002,7795930815,0,
1785484390959,300.2,25676.5,840.6,6789.7,469870,13579130,7818649268,154411,93487.891,7845484223,12,WALWrite
1785484391959,281.0,25824.0,842.1,6790.4,472249,13658563,7868505147,155158,94145.31400000001,7893259967,20,WALWrite
1785484392958,272.1,25980.3,898.1,6789.6,474252,13734074,7918222188,155743,94815.315,7943345855,18,WALWrite
1785484393959,317.2,26135.9,870.3,6791.6,476614,13811095,7966349748,156446,95510.00400000002,7991580351,11,WALWrite
1785484394958,325.0,26276.6,857.3,6793.8,479065,13892155,8017412020,157203,96179.156,8042952383,6,ClientRead
1785484395959,353.6,26431.9,853.7,6794.6,482036,13975757,8067153327,158138,96848.15800000002,8092628671,19,WALWrite
1785484396958,350.9,26586.0,853.1,6792.2,484950,14057646,8115659250,159010,97450.577,8138987199,62,WALWrite
1785484397959,371.8,26749.3,838.3,6792.1,488004,14142071,8166188158,159935,98107.25800000002,8191686335,16,extend
1785484398959,442.3,26894.1,858.9,6794.3,491150,14226166,8215416441,160896,98702.60100000001,8240854719,19,WALWrite
1785484399959,342.5,27045.7,827.2,6793.2,494249,14312519,8266422821,161955,99240.59500000002,8290727615,14,WALWrite
1785484400959,369.8,27203.1,852.8,6794.6,497445,14397381,8316133039,163117,99840.07500000001,8341075647,9,WALWrite
1785484401959,378.7,27355.6,841.4,6793.9,500628,14482745,8366139876,164150,100383.02900000001,8391227071,10,WALWrite
1785484402959,360.0,27507.9,847.3,6793.8,503825,14568563,8415733490,165131,100935.91,8438617791,11,ClientRead
1785484403959,298.4,27666.2,854.2,6795.4,506424,14649223,8466329726,165919,101593.62100000003,8489490111,0,
1785484404959,322.1,27816.9,862.5,6795.3,508938,14727928,8515149591,166658,102304.44300000001,8537306815,8,ClientRead
1785484405959,304.8,27968.7,858.8,6794.8,511393,14804996,8563510407,167403,102973.72400000002,8588310207,16,WALWrite
1785484406958,331.7,28116.4,852.4,6793.5,514130,14887406,8613512679,168177,103583.46400000002,8636954303,4,WALWrite
1785484407959,325.6,28276.3,857.5,6796.1,516750,14969043,8663920922,168994,104248.30800000002,8687523519,15,extend
1785484408958,455.9,28429.0,888.6,6795.4,519689,15053575,8713881656,169915,104828.85700000002,8737035967,6,ClientRead
1785484409959,364.7,28578.8,854.3,6801.1,522691,15130393,8758476071,170982,105376.04000000001,8787171007,15,WALWrite
1785484410959,356.9,28724.8,841.3,6799.5,525450,15208443,8804727938,171902,105853.80500000002,8836380351,6,WALWrite
1785484411959,320.1,28864.2,792.2,6801.6,528083,15281789,8847642159,172792,106355.155,8875718335,21,WALWrite
1785484413000,16.9,28900.5,685.4,6994.8,528368,15294290,8856852962,172879,106392.905,8903497407,17,WALWrite
1785484413960,101.4,29145.0,1387.2,7413.4,529239,15391579,8947978941,173173,108032.99700000002,8965256895,10,WALWrite
1785484414959,168.9,29340.2,1228.1,7409.1,529609,15443686,8996443587,173437,108301.31900000002,9025738431,11,WALWrite
1785484415960,283.9,29494.5,967.0,7382.3,531208,15511502,9044938849,174212,108820.50500000002,9075832511,18,WALWrite
1785484416961,343.7,29653.1,879.0,7397.0,533722,15592338,9095315519,175180,109333.032,9126123199,11,WALWrite
1785484417960,348.3,29808.6,837.2,7392.6,536519,15675068,9145581160,176162,109918.96400000002,9175127743,12,WALWrite
1785484418959,274.6,29922.8,775.4,7392.0,537288,15699251,9160789705,176417,110087.82100000001,9202103999,24,WALWrite
1785484419959,187.6,30084.4,1220.8,7408.0,538734,15782426,9224548159,176893,111167.43600000002,9271187135,8,ClientRead
1785484420962,336.8,30239.8,913.2,7410.2,540467,15854018,9275698390,177679,111646.16200000003,9319814847,2,ClientRead
1785484421959,342.8,30397.0,875.1,7414.4,543195,15935139,9325808197,178610,112247.90100000003,9367746239,11,WALWrite
1785484422960,352.6,30550.5,855.3,7418.2,545864,16014972,9374690102,179532,112802.94600000003,9415669439,18,WALWrite
1785484423961,339.6,30704.6,856.4,7417.2,548600,16098237,9425170104,180521,113380.76300000002,9465919167,20,WALWrite
1785484424959,386.9,30862.4,885.5,7417.3,551493,16181326,9475257444,181478,113908.03400000003,9517094591,19,WALWrite
1785484425959,315.8,31013.5,853.7,7418.5,554310,16262740,9524929808,182281,114501.75500000002,9565230783,7,ClientRead
1785484426959,348.4,31169.2,863.6,7418.0,556890,16343122,9574087722,183086,115153.32400000002,9614440127,0,
1785484427959,358.2,31324.5,832.3,7416.8,559809,16423960,9623110184,184107,115712.70200000002,9666037439,10,ClientRead
1785484428960,465.8,31504.3,894.2,7416.9,562760,16508586,9674035058,185115,116276.45500000002,9714783935,15,extend
1785484429960,184.1,31546.3,734.9,7433.5,563904,16813895,9716764893,185464,116924.296,9755866815,19,WALWrite
1785484430959,175.0,31774.2,1232.4,7435.7,565472,16911399,9796251037,186125,117627.09400000001,9809860287,15,extend
1785484431959,342.0,31917.7,945.5,7437.0,567499,16980043,9841097390,186929,118068.732,9859839679,2,ClientRead
1785484432960,347.4,32073.5,895.3,7436.6,570217,17062286,9891536243,187960,118665.464,9910892223,2,WalSync
1785484433960,344.3,32226.2,868.8,7435.7,571925,17114295,9923267134,188526,118951.16500000001,9959282367,1,WalSync
1785484434959,411.3,32384.2,867.8,7439.1,574520,17188270,9968283200,189462,119462.47099999999,10009859775,7,ClientRead
1785484435959,371.4,32538.4,896.4,7438.5,577554,17267220,10014341922,190485,120026.017,10056971967,20,WALWrite
1785484436961,342.3,32690.3,861.1,7439.8,580560,17350261,10064594022,191482,120562.88500000001,10107901631,18,WALWrite
1785484437959,369.3,32845.1,880.8,7438.3,583339,17433493,10115134732,192404,121110.02600000001,10158675647,20,WALWrite
1785484438958,442.4,32989.9,883.7,7438.6,586193,17557096,10167876409,193357,121667.75800000002,10205025983,20,WALWrite
1785484439959,363.3,33145.0,886.3,7440.1,588818,17638009,10216983137,194267,122257.68600000002,10255201983,3,ClientRead
1785484440959,360.4,33298.6,873.5,7439.9,591932,17720694,10266901758,195326,122810.41000000002,10305402559,2,ClientRead
1785484441960,380.3,33455.0,871.6,7439.3,594981,17804269,10315914369,196380,123400.72800000002,10355144383,2,ClientRead
1785484442959,363.5,33607.4,882.8,7440.7,598040,17888870,10366221878,197392,123945.35500000003,10404787903,3,ClientRead
1785484443959,349.3,33761.7,882.5,7440.9,601028,17973411,10416219909,198342,124498.26600000002,10455103167,4,WALWrite
1785484444959,391.9,33913.5,884.5,7441.9,603883,18056984,10466669457,199352,125093.43200000002,10504500927,14,WALWrite
1785484445959,270.4,34049.1,852.4,7443.9,607009,18139567,10515731820,200414,125627.55900000001,10551531199,6,WALWrite
1785484446962,313.1,34218.1,942.6,7447.0,608699,18208638,10566055715,201097,126373.34500000002,10601780927,9,ClientRead
1785484447959,389.2,34371.1,872.2,7441.7,611708,18293072,10616668411,202092,126891.23000000003,10652612287,12,WALWrite
1785484448958,449.0,34526.1,905.9,7440.0,614701,18375873,10666010694,203044,127434.53900000002,10700797631,6,extend
1785484449959,366.3,34662.9,851.8,7442.1,617492,18457372,10715283438,204003,128036.28900000002,10751489727,5,WALWrite
1785484450960,362.4,34820.0,878.6,7449.7,620602,18539116,10764146687,205083,128583.72000000002,10799249087,10,WALWrite
1785484451959,112.8,34899.9,738.0,7460.6,621096,18554886,10774854738,205278,129127.23800000001,10829452991,22,WALWrite
1785484452962,29.3,34957.0,898.0,8023.3,622265,18614566,10823483823,205692,130218.64400000001,10861504191,15,WALWrite
1785484453959,113.8,35208.6,1536.8,8239.0,622998,18695271,10898431281,205989,130616.43900000001,10934212287,21,WALWrite
1785484454959,202.6,35419.1,1301.2,8222.0,623378,18757358,10956645399,206257,130914.01500000001,10989622975,9,ClientRead
1785484455959,320.5,35581.9,1001.2,8250.4,625001,18825395,11004241611,206999,131438.60099999994,11040274111,5,WALWrite
1785484456960,362.6,35742.1,946.2,8258.5,627692,18905805,11053246428,207986,131967.40199999997,11086624447,1,WalSync
1785484457959,344.4,35892.5,898.2,8251.7,630150,18976865,11097094975,208826,132425.64699999997,11129386687,6,ClientRead
1785484458959,355.6,36075.9,1008.2,8251.1,632357,19050336,11146688568,209562,133071.24799999996,11188999871,7,WALWrite
1785484459960,330.4,36186.0,939.1,8247.4,634475,19129141,11198165126,210220,133726.30099999998,11236808383,2,WalSync
1785484460960,334.7,36339.1,908.6,8250.9,637146,19209109,11248072519,211167,134373.20599999998,11285911231,2,ClientRead
1785484461959,364.6,36493.8,887.6,8251.4,640066,19290947,11297424903,212207,134921.68099999998,11334948543,11,WALWrite
1785484462960,366.7,36648.7,896.7,8253.3,643039,19377380,11348644070,213210,135456.933,11383297727,15,WALWrite
1785484463962,226.7,36756.9,863.2,8256.9,645244,19438656,11384954813,214007,135939.47199999998,11422258879,20,WALWrite
1785484464960,206.7,36944.2,1230.4,8245.4,646391,19509953,11444026926,214459,136879.70699999997,11482191551,8,WALWrite
1785484465961,342.5,37103.1,971.3,8238.1,648563,19587073,11495114665,215386,137427.26599999997,11532105407,11,WALWrite
1785484466959,369.7,37257.3,944.1,8240.0,651353,19670193,11544708992,216335,138024.598,11580405439,18,WALWrite
1785484467958,361.5,37409.7,874.4,8237.5,654245,19750507,11593251983,217297,138574.46699999998,11630606015,2,ClientRead
1785484468960,457.3,37565.4,940.9,8240.8,656989,19832799,11643780683,218234,139123.07899999997,11680618175,10,ClientRead
1785484469960,364.2,37720.9,933.5,8239.7,660113,19916751,11693988666,219295,139728.03999999998,11730261695,1,ClientRead
1785484470961,370.6,37873.4,918.3,8238.4,663090,19997312,11741861732,220268,140249.05099999998,11780257471,15,ClientRead
1785484471959,359.0,38024.2,922.8,8240.3,666105,20082414,11793180088,221289,140858.23799999998,11829671615,9,WALWrite
1785484472961,382.7,38180.7,921.0,8244.3,669022,20163722,11841980241,222232,141373.37199999997,11878971071,12,ClientRead
1785484473960,378.6,38326.4,949.8,8250.3,672098,20249183,11892300655,223263,141914.82199999996,11927983807,7,WALWrite
1785484474960,384.2,38471.0,918.9,8254.8,675109,20331409,11942027417,224385,142520.512,11978110655,15,ClientRead
1785484475959,367.2,38627.6,926.3,8255.6,678081,20414683,11991217502,225387,143067.07399999996,12028999359,0,
1785484476960,325.9,38780.4,911.0,8257.2,680787,20496951,12041339988,226442,143653.83499999996,12078110399,6,ClientRead
1785484477960,385.2,38937.5,957.3,8257.5,683739,20579293,12090398847,227424,144168.95999999996,12127278783,8,WALWrite
1785484478962,446.5,39088.5,941.7,8262.4,686502,20663510,12141410634,228311,144787.76099999997,12177053375,21,WALWrite
1785484479960,342.6,39243.0,921.5,8261.6,689339,20744386,12190744589,229358,145396.27199999997,12227024575,16,WALWrite
1785484480960,361.4,39397.2,920.8,8263.3,692303,20826989,12240151996,230397,145984.33599999998,12276651711,8,extend
1785484481959,369.9,39551.7,927.8,8265.8,695274,20911934,12290380001,231411,146548.79799999998,12327171775,2,ClientRead
1785484482959,361.5,39706.2,941.4,8265.1,698180,20994994,12340130842,232438,147127.01999999996,12375897791,5,WalSync
1785484483959,352.2,39858.7,915.5,8266.4,701091,21078810,12389837332,233437,147701.78699999998,12426024639,6,ClientRead
1785484484959,272.1,39961.3,796.1,8267.0,701266,21083733,12392786763,233500,147728.09399999995,12460914367,24,WALWrite
1785484485961,40.4,40052.9,904.2,8471.9,702930,21184365,12477274917,234040,148983.63199999998,12508542655,3,WalSync
1785484486959,124.1,40278.8,1371.4,8503.0,703559,21229272,12515212555,234339,149491.33299999996,12563355327,56,WALWrite
1785484487959,279.8,40434.6,1050.0,8499.9,704689,21288395,12563069161,234892,149963.41399999996,12613629631,19,WALWrite
1785484488961,438.6,40627.3,1028.2,8502.7,706855,21364626,12611872786,235783,150525.09799999997,12663871167,5,ClientRead
1785484489959,395.9,40746.0,990.7,8507.0,709281,21547659,12668264442,236661,151070.63399999996,12713580223,7,WALWrite
1785484490960,356.7,40901.9,968.6,8508.5,712064,21620171,12711113591,237625,151605.95699999997,12763211455,3,ClientRead
1785484491959,248.6,41052.4,993.5,8517.0,714313,21697212,12762220957,238431,152209.349,12808820415,19,WALWrite
1785484492959,285.4,41206.8,959.5,8512.0,716417,21772167,12811237491,239199,152902.28699999998,12859881151,19,WALWrite
1785484493959,323.0,41361.4,959.2,8507.2,718605,21850117,12861127665,239917,153535.28999999998,12910327487,21,WALWrite
1785484494960,413.0,41515.7,963.8,8509.5,721393,21934650,12912085159,240894,154143.48499999996,12960462527,9,WALWrite
1785484495960,385.6,41669.6,984.0,8509.7,724559,22016943,12960569749,241891,154701.73199999996,13010450111,6,ClientRead
1785484496960,317.2,41808.6,898.1,8508.8,727530,22101644,13010811688,243000,155252.23399999997,13050377919,12,extend
1785484497959,314.0,41974.5,1038.2,8511.3,729552,22172685,13058954661,243773,155900.56599999996,13108319935,2,
1785484498959,442.2,42162.3,985.0,8511.1,732059,22255196,13109815070,244652,156497.81799999997,13157807807,6,DataFileExtend
1785484499959,403.1,42292.5,950.4,8508.8,734629,22588040,13175950882,245454,157091.14599999995,13207934655,16,WALWrite
1785484500959,378.1,42448.1,953.0,8509.8,737593,22669877,13225512487,246525,157698.83199999994,13258143423,3,extend
1785484501959,380.7,42603.5,968.1,8509.7,740606,22755097,13276531190,247549,158279.28699999995,13307262655,1,WalSync
1785484502959,368.4,42750.2,970.5,8512.7,743652,22837500,13325141485,248602,158853.47699999996,13356840639,5,WALWrite
1785484503959,363.9,42896.7,944.7,8514.2,746457,22921032,13375322923,249597,159457.21499999997,13405951679,0,
1785484504959,403.0,43050.4,950.4,8515.0,749404,23003865,13425160958,250555,159998.45299999995,13453272767,9,WALWrite
1785484505960,354.5,43204.0,935.0,8494.6,752440,23087089,13475346859,251675,160589.14799999996,13503166143,4,WALWrite
1785484506958,366.6,43360.4,954.8,8497.8,755386,23169502,13524394788,252635,161206.76499999996,13553399487,18,WALWrite
1785484507960,229.2,43479.6,880.3,8506.6,756240,23196049,13540795189,252910,161430.70299999998,13592467135,21,WALWrite
1785484508961,325.8,43772.3,1183.9,8512.6,758224,23288212,13609150944,253724,162289.70999999996,13651654335,16,WALWrite
1785484509961,375.0,43811.6,993.1,8513.2,760354,23368170,13657894252,254538,162950.61299999998,13701600959,14,WALWrite
1785484510961,372.7,43965.4,943.5,8514.6,763451,23451953,13708098839,255704,163565.925,13751137983,13,ClientRead
1785484511959,363.3,44117.4,932.1,8514.2,766368,23535151,13758143120,256724,164100.684,13800576703,8,ClientRead
1785484512960,343.0,44272.2,967.6,8516.6,769069,23616086,13807443013,257708,164647.98699999996,13847828159,10,WALWrite
1785484513961,333.7,44423.0,960.9,8519.1,771784,23699098,13858787947,258733,165310.37399999998,13898626751,6,ClientRead
1785484514959,400.1,44576.8,965.7,8516.9,774613,23781471,13909538013,259760,165883.308,13947168447,17,ClientRead
1785484515959,359.1,44729.7,914.1,8515.5,777327,23861480,13957527830,260711,166375.14199999996,13995808447,11,WALWrite
1785484516959,371.7,44875.5,964.2,8514.2,780152,23943340,14006701084,261743,166993.43799999997,14044272319,0,
1785484517958,341.6,45020.0,938.1,8520.1,782769,24014279,14050217960,262565,167466.99799999996,14094595775,14,WALWrite
1785484518959,342.0,45172.5,1033.3,8525.3,784964,24090174,14100641949,263331,167936.79499999995,14140888767,18,WALWrite
1785484519959,266.2,45325.6,1008.6,8521.3,786845,24167215,14152879925,264018,168766.79499999995,14191326911,19,WALWrite
1785484520959,336.8,45482.1,985.0,8522.0,789397,24249013,14202616141,264918,169404.98299999995,14241978047,19,WALWrite
1785484521960,367.3,45637.9,971.0,8522.9,792301,24334219,14253051113,266000,169969.02599999998,14292375231,18,WALWrite
1785484522960,362.1,45741.6,941.1,8521.2,795371,24419862,14303028272,267064,170569.83499999996,14341674687,13,WALWrite
1785484523959,374.5,45820.2,911.1,8523.7,798425,24505720,14353130391,268120,171133.14299999998,14385641151,20,WALWrite
1785484524963,86.6,45864.7,789.2,8624.3,798596,24511557,14357300184,268156,171208.10799999998,14420334271,29,WALWrite
1785484525959,59.9,46018.7,1123.9,9376.0,799491,24582140,14420533925,268461,172807.35699999996,14464161471,22,WALWrite
1785484526961,82.6,46204.5,1463.6,9484.5,799807,24653001,14483138182,268639,173482.917,14524569279,14,WALWrite
1785484527959,186.7,46388.8,1258.4,9470.3,800696,24749668,14549133592,269173,173922.68199999997,14580602559,13,WALWrite
1785484528959,449.0,46532.2,1060.7,9485.1,803007,24827430,14598334085,270011,174469.15399999998,14631360191,15,WALWrite
1785484529959,353.0,46702.4,969.7,9485.5,805204,24918198,14641308913,270773,174967.18399999998,14678988479,5,WALWrite
1785484530958,346.9,46860.0,963.1,9488.6,807820,25022688,14685551917,271762,175489.207,14728091327,9,WALWrite
1785484531959,344.9,46998.7,923.5,9490.5,810596,25101742,14732997821,272763,176041.67499999996,14776661695,6,WALWrite
1785484532960,340.4,47063.6,950.7,9490.8,813299,25180322,14780774641,273663,176530.169,14827230911,1,
1785484533959,360.0,47217.6,944.9,9492.1,816006,25261121,14829346745,274654,177115.61099999998,14877243071,3,WalSync
1785484534958,424.7,47357.8,930.5,9492.9,819014,25343937,14878235721,275612,177659.98999999996,14925747903,9,WALWrite
1785484535959,365.8,47496.7,915.4,9494.1,822080,25493944,14931208950,276643,178252.69999999998,14975227583,5,WALWrite
1785484536961,350.1,47506.7,900.5,9492.5,825122,25576540,14979966323,277755,178867.433,15025256127,13,WALWrite
1785484537960,371.2,47570.7,904.8,9494.2,828049,25656945,15027547207,278716,179413.69499999995,15075047103,13,WALWrite
1785484538959,444.7,47657.5,935.9,9492.1,831012,25796876,15080156443,279679,179995.48999999996,15122986687,14,WALWrite
1785484539960,384.6,47691.4,921.9,9496.1,833799,25974474,15134744714,280652,180579.55399999997,15171270335,7,ClientRead
1785484540958,340.6,47677.8,873.7,9494.1,836387,26051799,15181746707,281495,181075.29899999994,15214581439,19,WALWrite
1785484541959,137.1,47725.7,1109.4,9485.2,838351,26126764,15236257077,282228,181868.32899999994,15268837055,3,ClientRead
1785484542960,322.4,47797.0,1011.8,9485.9,840090,26199471,15285947041,282962,182329.57399999994,15317604031,17,WALWrite
1785484543960,339.1,47747.7,933.5,9487.4,842767,26282712,15337031843,283954,182921.05899999995,15368328895,3,ClientRead
1785484544960,394.8,47761.9,925.0,9487.6,845483,26370865,15386710582,284881,183479.94799999995,15416563391,12,ClientRead
1785484545959,364.6,47720.1,920.7,9490.9,848480,26550863,15441961224,285953,184097.12499999994,15465739967,12,ClientRead
1785484546960,327.8,47676.4,902.1,9487.2,851418,26634930,15492312743,286991,184701.08299999996,15515752127,17,WALWrite
1785484547960,346.9,47833.9,944.5,9488.0,854069,26716208,15542415760,287819,185295.60199999996,15565477567,5,WALWrite
1785484548959,444.9,47823.8,964.8,9491.4,856796,26800689,15593409450,288706,185921.76299999998,15616612031,14,ClientRead
1785484549960,375.9,47798.5,906.7,9492.1,859740,26903924,15645041958,289683,186467.958,15664936639,17,WALWrite
1785484550959,368.5,47810.7,945.4,9491.6,862760,27089247,15698992604,290752,187100.74,15715468991,3,ClientRead
1785484551959,366.4,47964.3,938.3,9492.7,865852,27174588,15748754930,291815,187652.37099999998,15764338367,16,WALWrite
1785484552959,351.0,47921.5,930.3,9480.7,868927,27259795,15798581931,292858,188250.15199999997,15814170303,10,WALWrite
1785484553958,338.1,47885.5,952.6,9480.8,871539,27342122,15849208817,293640,188908.215,15864247999,5,WALWrite
1785484554959,384.8,47841.8,990.4,9481.4,874178,27459867,15899997544,294394,189565.04899999997,15913072319,12,WALWrite
1785484555961,300.3,47795.5,913.1,9481.4,876649,27597084,15951944104,295152,190233.96099999998,15962396351,12,WALWrite
1785484556962,261.5,47917.5,887.9,9483.2,877960,27645121,15982339767,295587,190657.23199999996,16004839103,21,WALWrite
1785484557959,243.7,47898.4,1032.2,9482.6,880037,27727187,16041090280,296268,191535.74399999998,16060159679,18,WALWrite
1785484558960,415.0,47888.9,973.0,9484.3,882226,27816036,16091262538,296961,192169.98499999996,16107517631,1,WalSync
1785484559959,327.8,47801.2,958.2,9486.0,884461,27982344,16144498511,297668,192802.716,16158209727,11,WALWrite
1785484560959,373.1,47955.2,945.2,9484.6,887177,28090106,16194494574,298489,193427.118,16206263999,4,ClientRead
1785484561961,364.4,47910.4,932.0,9488.5,890007,28169208,16241331919,299452,193965.95899999997,16253499071,16,WALWrite
1785484562959,169.3,47821.0,814.1,9494.7,891545,28212203,16266913807,299929,194195.04399999997,16280630975,26,WALWrite
1785484563960,89.4,47787.9,1180.3,9522.8,892714,28293005,16336707513,300318,195329.68099999998,16344839871,3,WalSync
1785484564959,351.8,47964.0,1086.8,9505.9,893826,28371091,16386257075,300937,195710.61799999996,16398071487,7,WALWrite
1785484565959,362.7,47920.0,971.6,9507.4,896614,28551505,16442640229,301935,196343.541,16444806847,8,WALWrite
1785484566961,363.5,47873.4,908.5,9508.2,899614,28634543,16491831526,303021,196915.64099999997,16494368447,2,WalSync
1785484567959,367.2,47824.4,893.0,9508.5,902676,28719836,16541519505,304055,197460.764,16543905471,5,WALWrite
1785484568959,463.9,47816.5,943.6,9511.0,905627,28805727,16592095763,304956,198078.59199999998,16593237695,10,WALWrite
1785484569959,445.3,47787.6,923.6,9510.7,908235,28908841,16643178899,305740,198614.04999999996,16641676991,21,ClientRead
1785484570960,437.1,47890.3,916.2,9512.8,910998,29805468,16742392546,306583,199227.10799999998,16668432063,13,WALWrite
1785484571958,369.0,47904.5,890.3,9509.8,914171,29891851,16792524378,307616,199830.471,16687863487,9,WALWrite
1785484572958,361.9,47867.2,911.7,9511.0,917420,29977358,16842040676,308787,200409.43499999997,16707655359,10,WALWrite
1785484573960,299.4,47948.3,903.4,9512.5,920410,30064708,16894239419,309825,201106.70199999996,16727217855,8,WALWrite
1785484574961,423.0,47857.3,912.9,9512.4,923310,30218649,16947455133,310786,201653.81399999998,16746534591,6,WALWrite
1785484575961,362.5,47948.5,901.9,9512.3,926600,30326880,16997758704,311916,202251.743,16766072511,5,WALWrite
1785484576959,357.5,47838.7,921.2,9512.4,929780,30415084,17048920227,312782,202818.345,16785069759,6,WalSync
1785484577959,337.3,47930.7,910.9,9509.2,932766,30496432,17098043347,313835,203410.03799999997,16805549759,18,WALWrite
1785484578959,459.7,47836.3,953.1,9512.9,935804,30581310,17148388849,314779,203982.10399999996,16825071295,9,ClientRead
1785484579959,367.8,47805.0,933.3,9514.8,938513,30665886,17195543962,315591,204567.90799999997,16844494527,3,ClientRead
1785484580959,326.3,47910.4,940.3,9511.2,941273,30837878,17248811831,316435,205209.44499999998,16863614655,4,ClientRead
1785484581959,317.5,47819.4,921.6,9511.0,943827,30916869,17297168000,317161,205818.15099999998,16883070655,10,WALWrite
1785484582959,315.5,47745.9,941.9,9510.5,946052,30988398,17341477005,317858,206436.64099999997,16902174399,7,ClientRead
1785484583958,323.8,47827.4,951.7,9511.2,948561,31068381,17389831170,318661,207101.32599999997,16921581247,3,WalSync
1785484584960,213.3,47905.9,866.9,9518.2,950030,31119016,17422950703,319074,207491.046,16938096319,20,ClientRead
1785484585959,293.5,47791.8,1178.1,9513.3,951406,31227294,17476902747,319508,208365.262,16957904575,14,WALWrite
1785484586959,290.8,47481.3,988.1,9513.3,953363,31335743,17521397073,320194,208966.864,16976762559,8,WALWrite
1785484587959,327.2,47577.4,967.6,9512.4,955514,31414473,17571963796,320846,209667.13299999997,16997217983,17,WALWrite
1785484588960,483.7,47310.0,966.3,9512.5,958436,31508470,17622018403,321820,210229.169,17017239231,16,WALWrite
1785484589959,370.4,47385.3,931.1,9502.8,961346,31592745,17671115821,322678,210830.31799999997,17035138751,21,WALWrite
1785484590959,221.0,47464.5,960.8,9502.4,963608,31735437,17727458760,323495,211550.96099999998,17054807743,6,WALWrite
1785484591960,336.9,47559.3,966.8,9503.5,966079,31816520,17778551389,324465,212165.83599999998,17074362047,1,ClientRead
1785484592958,316.8,47655.4,961.3,9502.8,968967,31900138,17828767936,325409,212765.20499999996,17092310719,13,WALWrite
1785484593959,287.9,47752.2,950.7,9506.8,971268,31980926,17879312198,326063,213474.32499999995,17112045247,20,WALWrite
1785484594960,377.1,47456.6,954.7,9505.0,973779,32062561,17927979944,326794,214138.53599999996,17131656895,18,WALWrite
1785484595961,224.9,47525.6,917.7,9505.3,976042,32203556,17977367878,327444,214788.269,17147451071,10,WALWrite
1785484596960,213.1,47643.1,1109.0,9507.0,977069,32269629,18029344038,327810,215617.30599999998,17169249983,18,WALWrite
1785484597960,477.1,47730.7,968.5,9507.0,979241,32347429,18078707603,328565,216252.01799999998,17188116159,16,WALWrite
1785484598960,502.2,47439.1,1005.3,9504.6,980822,32417571,18127469206,329124,216798.93599999996,17208161983,10,WALWrite
1785484599959,393.4,47503.5,951.3,9505.5,983588,32518859,18178815079,329991,217418.23499999996,17228035775,21,WALWrite
1785484600959,389.6,47608.6,933.8,9505.4,986968,32653520,18231613686,331086,218006.42199999993,17255413439,5,ClientRead
1785484601961,366.0,47758.1,934.9,9504.8,990164,32740709,18282325740,332070,218570.368,17304819391,14,WALWrite
1785484602960,359.6,47499.2,961.9,9503.8,993048,32824484,18331886772,333019,219141.08699999994,17353455295,12,extend
1785484603960,351.7,47643.5,956.1,9510.0,996017,32907331,18382299674,333951,219778.86599999995,17401894591,8,ClientRead
1785484604960,379.3,47796.3,973.7,9509.2,998671,33005939,18432369846,334744,220402.30399999997,17450776255,11,WALWrite
1785484605959,324.2,47944.3,932.1,9509.4,1001181,33124129,18485088585,335557,221130.01899999997,17499436735,6,ClientRead
1785484606960,347.3,47779.4,926.5,9513.4,1003879,33206812,18535345186,336505,221758.22199999998,17546925759,16,WALWrite
1785484607960,355.5,47931.7,951.2,9513.2,1006801,33288599,18584838673,337499,222362.93299999996,17597519551,18,ClientRead
1785484608959,465.5,47520.2,972.1,9512.8,1009654,33373506,18635511480,338422,222967.55199999997,17645844159,5,WALWrite
1785484609959,366.9,47641.0,932.6,9511.9,1012342,33459396,18685404208,339413,223560.52499999997,17694004927,5,WALWrite
1785484610960,341.2,47781.8,931.6,9514.0,1015149,33604641,18738969193,340453,224143.72899999996,17743730367,19,WALWrite
1785484611959,333.6,47926.2,935.9,9514.3,1017908,33686553,18788052407,341302,224804.20799999993,17791252159,12,WALWrite
1785484612959,342.0,47875.6,964.5,9513.5,1020605,33768934,18837734841,342132,225415.92199999996,17840182975,11,WALWrite
1785484613959,322.9,48020.6,959.9,9514.2,1022983,33845736,18884600621,342867,226094.41799999995,17887631039,10,WALWrite
1785484614960,380.3,47967.3,975.1,9513.9,1025474,33954369,18935722844,343553,226715.76799999992,17936938687,10,WALWrite
1785484615959,99.3,47847.1,886.2,9523.9,1025942,33999058,18955477427,343696,227091.11299999995,17976981183,22,WALWrite
1785484616959,172.8,47852.5,1368.3,9515.0,1026850,34085699,19021451518,344074,228091.54899999994,18030868159,3,ClientRead
1785484617959,319.6,47982.2,1027.9,9517.9,1028613,34159241,19071751436,344748,228736.52599999995,18080257727,10,WALWrite
1785484618960,436.5,47939.6,981.3,9516.3,1030933,34236886,19119781852,345518,229316.98199999996,18129868479,4,DataFileWrite
1785484619960,452.1,47902.1,966.3,9516.8,1033352,34364948,19166928887,346392,229897.48899999997,18177922751,13,WALWrite
1785484620959,444.5,47853.4,974.5,9516.4,1035596,34433019,19208194707,347108,230332.34799999997,18226910911,6,ClientRead
1785484621959,296.4,47954.2,1007.1,9520.0,1038029,35140866,19302481501,347955,231000.94299999997,18255845055,10,WALWrite
1785484622960,334.7,47842.8,994.5,9519.4,1040028,35212871,19349246140,348667,231753.93499999997,18275235519,10,WALWrite
1785484623959,322.2,47933.7,978.2,9517.8,1042624,35294738,19399024678,349512,232410.85899999997,18294585023,13,WALWrite
1785484624958,346.1,47827.6,970.2,9517.9,1045029,35388489,19448245248,350193,233093.89599999998,18314761919,10,WALWrite
1785484625958,277.9,47917.2,960.0,9517.0,1047222,35509819,19501299490,350815,233802.51999999996,18334668479,2,ClientRead
1785484626959,262.7,47993.2,963.2,9517.3,1049227,35588855,19553118507,351425,234572.055,18354116287,6,ClientRead
1785484627959,279.1,47882.7,926.6,9518.6,1051255,35663380,19601856436,352073,235305.17099999997,18374268607,10,WALWrite
1785484628959,401.1,47805.9,982.3,9516.7,1053446,35741300,19650809669,352719,236022.33599999998,18395821759,7,WALWrite
1785484629961,334.0,47869.6,933.5,9518.9,1055883,35853208,19702321290,353477,236686.78099999996,18416211647,11,WALWrite
1785484630959,360.3,47963.1,960.3,9517.4,1058695,35969674,19754435588,354376,237305.51599999997,18437183167,0,
1785484631960,354.1,47854.4,922.4,9516.7,1061769,36053075,19802876488,355351,237849.74999999994,18456549055,20,WALWrite
1785484632958,69.9,47929.5,877.1,9518.7,1062570,36087134,19827547773,355586,238128.33599999995,18469238463,10,WALWrite
1785484633960,44.6,47994.4,982.3,9523.7,1063092,36140486,19874971171,355727,239105.01499999996,18483091135,18,WALWrite
1785484634959,86.5,47842.5,849.5,9614.1,1063186,36173780,19908082083,355757,239336.29099999997,18495805119,14,WALWrite
1785484635961,92.1,47314.4,1512.7,9868.5,1063411,36264273,19991772538,355917,240663.95599999995,18523068095,1,
1785484636959,177.7,47424.8,1241.7,9839.9,1063884,36333260,20041568421,356188,241057.22799999997,18544588479,21,WALWrite
1785484637959,281.4,47515.6,967.6,9846.8,1065908,36443031,20092155073,356838,241630.69499999998,18564732607,4,ClientRead
1785484638959,356.1,47609.7,977.7,9849.7,1068187,36522799,20142909409,357584,242335.432,18586334911,1,WalSync
1785484639959,310.5,47505.8,973.5,9848.2,1070504,36642243,20193560218,358290,243015.373,18606028479,13,ClientRead
1785484640960,264.4,47596.2,946.1,9849.3,1072464,36718465,20244066682,358857,243653.873,18625500863,1,
1785484641958,326.3,47488.9,922.2,9848.6,1075081,36816365,20294290673,359761,244318.91699999996,18646587071,14,ClientRead
1785484642962,357.1,47583.2,934.8,9864.6,1078020,36899920,20343468385,360835,244915.898,18667452095,6,ClientRead
1785484643959,350.2,47496.5,943.3,9859.4,1080974,36986515,20394882964,361777,245516.67999999996,18688169663,3,
1785484644959,365.1,47570.0,960.5,9859.9,1083419,37086064,20444430127,362540,246159.45099999997,18707805887,15,WALWrite
1785484645958,321.4,47661.0,934.6,9858.2,1085922,37188875,20494765415,363314,246856.32499999998,18728408767,9,WALWrite
1785484646960,357.3,47547.9,935.1,9859.9,1088626,37265603,20540960875,364182,247410.07599999994,18748798655,6,ClientRead
1785484647959,353.6,47632.6,914.9,9862.5,1091547,37347115,20589639746,365151,247960.67799999996,18769630911,13,WALWrite
1785484648960,457.4,47571.1,967.6,9860.9,1094383,37429543,20639349531,365987,248507.28299999997,18791503551,15,WALWrite
1785484649962,378.6,47634.9,947.2,9862.6,1097271,37550296,20689610009,366894,249121.45399999997,18811381439,14,WALWrite
1785484650960,176.2,47584.9,924.1,9876.3,1099146,37640658,20740075421,367516,249852.993,18828629695,4,WALWrite
1785484651959,270.0,47678.4,1057.7,9866.9,1100798,37709795,20788608285,368120,250557.087,18850109119,9,WALWrite
1785484652959,317.4,47570.8,973.6,9861.7,1102992,37779476,20831542090,368860,251101.58099999998,18870335167,22,WALWrite
1785484653959,350.0,47693.6,939.3,9862.7,1105687,37861733,20880944835,369619,251732.40599999996,18908821183,22,WALWrite
1785484654960,402.5,47706.5,963.8,9862.9,1108150,37973077,20928887946,370290,252296.70899999997,18957432511,19,WALWrite
1785484655959,337.1,47653.1,926.7,9870.1,1110310,38046355,20974385384,370925,252877.94799999997,19006920383,19,WALWrite
1785484656958,188.5,47800.0,1018.1,9864.1,1112418,38142470,21030887297,371599,253689.82799999998,19055597247,17,WALWrite
1785484657959,310.5,47809.6,997.7,9863.1,1114399,38220080,21081975642,372296,254345.213,19104265919,13,WALWrite
1785484658959,455.8,47731.1,957.5,9862.7,1116713,38297238,21129579768,373036,254912.71599999996,19153131199,19,WALWrite
1785484659959,410.5,47769.0,932.1,9865.7,1119458,38412076,21181143037,373983,255537.126,19202479807,20,WALWrite
1785484660958,386.6,47918.2,938.2,9863.4,1122525,38537650,21231488474,375022,256104.81699999998,19251140287,4,ClientRead
1785484661960,269.4,47892.3,873.3,9863.5,1125007,38610011,21274914790,375831,256547.33599999998,19290666687,20,WALWrite
1785484662960,101.1,47913.1,1191.4,9875.7,1125959,38676824,21331541735,376199,257429.392,19345069759,10,WALWrite
1785484663958,267.6,47918.5,1047.6,9856.9,1127494,38747591,21381097816,376797,258037.05799999996,19393525439,8,WALWrite
1785484664958,372.9,48069.2,1005.8,9854.9,1129606,38843781,21432196005,377502,258733.789,19443037887,10,WALWrite
1785484665959,342.7,48016.6,944.1,9855.6,1132267,38962544,21484668703,378300,259370.48299999998,19491419839,17,ClientRead
1785484666959,322.1,47963.4,950.8,9854.1,1134817,39046071,21535456090,379111,260059.96899999998,19538597567,0,
1785484667959,158.4,48058.8,807.3,9857.2,1135004,39051994,21539377434,379157,260108.64499999996,19563902655,31,WALWrite
1785484668959,102.9,47992.4,1030.4,9884.5,1136445,39118833,21589647103,379513,260997.08,19626956479,1,
1785484669960,263.5,48132.0,1314.1,9862.3,1136969,39386652,21686810315,379753,261945.22199999998,19680319167,1,WalSync
1785484670959,299.4,48113.6,1010.0,9864.8,1138546,39499243,21736551081,380209,262519.235,19727603391,9,WALWrite
1785484671962,276.9,48068.3,982.0,9862.6,1140493,39586447,21785097900,380784,263275.80500000005,19776812735,14,WALWrite
1785484672960,290.6,48213.9,908.0,9861.6,1142733,39664779,21834648165,381458,263963.857,19825694399,12,WALWrite
1785484673959,345.2,48213.5,910.7,9862.7,1144915,39734717,21878320253,382113,264535.65800000005,19870750399,21,WALWrite
1785484674961,349.7,48159.4,924.7,9862.8,1147373,39824134,21931361424,382877,265300.97000000003,19921721023,9,WALWrite
1785484675959,357.2,48109.5,934.7,9864.4,1149981,39954031,21983393912,383708,265918.216,19971323583,6,ClientRead
1785484676960,297.2,48255.4,909.4,9865.5,1152408,40030929,22031602031,384523,266505.336,20019017407,16,WALWrite
1785484677959,351.8,48256.5,922.2,9862.8,1154935,40110353,22080471039,385395,267121.869,20066686655,7,ClientRead
1785484678958,431.2,48316.3,948.4,9865.4,1157430,40187002,22127184664,386166,267707.99700000003,20116199103,2,WalSync
1785484679961,411.0,48250.6,940.1,9862.4,1159520,40275278,22173639452,386776,268414.62,20161705663,16,ClientRead
1785484680959,441.9,48221.3,971.4,9863.2,1161474,40385807,22222811394,387300,268978.79500000004,20210390719,11,WALWrite
1785484681960,333.9,48297.4,935.6,9862.4,1163636,41250409,22317526923,387909,269653.74000000005,20233205439,9,WALWrite
1785484682961,324.0,48187.5,934.2,9866.4,1166203,41329960,22365829315,388712,270265.612,20252751551,7,WALWrite
1785484683958,316.9,48264.9,954.2,9870.2,1168734,41409034,22413856758,389504,270897.695,20271724223,10,WALWrite
1785484684966,179.6,48349.1,903.0,9878.9,1170656,41488474,22471885419,390133,271992.205,20288018111,18,WALWrite
1785484685959,233.9,48240.2,1227.6,9873.2,1171651,41574410,22518082517,390542,272415.613,20307728063,12,WALWrite
1785484686960,331.8,48329.1,965.4,9874.1,1173918,41672863,22567150805,391285,273025.348,20326414015,6,WALWrite
1785484687960,308.1,48250.0,937.8,9873.7,1176449,41752145,22615861476,392072,273718.272,20346713791,6,WALWrite
1785484688960,386.9,48343.3,960.5,9875.3,1179078,41833492,22665466115,392853,274293.6120000001,20366554815,18,WALWrite
1785484689958,300.3,48231.8,931.0,9874.9,1180793,41909945,22699362542,393381,274760.275,20385044159,20,WALWrite
1785484690959,85.2,48311.6,940.3,9880.2,1182425,41990332,22751849010,393824,275717.702,20401616575,19,WALWrite
1785484691958,37.3,48354.6,890.2,9892.5,1182463,42003569,22764960387,393837,276144.77900000004,20414715583,19,WALWrite
1785484692963,111.5,48290.7,1398.6,9879.1,1182854,42117920,22856551253,394012,277277.47500000003,20438513343,0,
1785484693959,281.3,48381.9,1019.6,9879.7,1184326,42184696,22904310436,394675,277791.27800000005,20457428671,15,WALWrite
1785484694959,353.6,48274.6,944.8,9877.6,1186607,42263137,22953657809,395504,278402.87000000005,20477056703,5,WALWrite
1785484695958,306.7,48370.2,956.6,9878.2,1188748,42364023,23002869152,396082,279030.70700000005,20496029375,11,WALWrite
1785484696960,213.6,48258.5,937.6,9878.3,1190792,42462398,23053873189,396669,279873.1490000001,20512036543,80,WALWrite
1785484697983,49.9,48302.7,374.1,9974.7,1191002,42470431,23059387717,396720,280105.02100000007,20520924863,81,WALWrite
1785484698959,112.9,48035.8,950.1,10177.9,1191751,42535517,23120620313,396873,281159.77200000006,20534359743,4,ClientRead
1785484699959,328.0,47886.6,1582.7,10261.0,1192207,42585169,23164394758,396970,281790.027,20562507455,2,ClientRead
1785484700959,237.4,47935.6,1277.1,10267.1,1193218,42662465,23238501549,397359,282482.43700000003,20583298751,3,
1785484701959,317.6,47969.4,1020.1,10271.4,1194359,42755864,23293965691,397859,283018.161,20603107007,19,WALWrite
1785484702962,321.3,47982.8,981.4,10274.6,1196086,42875893,23347795428,398416,283757.925,20623095487,13,WALWrite
1785484703959,372.5,48063.7,968.5,10273.0,1198425,42958430,23397988270,399219,284400.39200000005,20642649791,3,ClientRead
1785484704959,249.6,48052.3,957.9,10282.1,1199889,43041630,23456478274,399618,285324.43700000003,20661434047,7,WALWrite
1785484705958,443.8,48100.9,1002.2,10279.3,1201942,43164549,23504930120,400363,285883.962,20681488063,11,BufferContent
1785484706960,410.3,48035.6,963.3,10276.8,1204348,43245382,23553516272,401158,286472.927,20701566655,7,WALWrite
1785484707959,408.0,47932.4,976.3,10276.3,1206724,43325022,23600573346,401931,287018.449,20722063039,17,ClientRead
1785484708959,420.1,48087.9,978.5,10278.0,1208795,43403022,23648940141,402561,287676.041,20742256319,13,WALWrite
1785484709959,455.3,48084.5,982.0,10271.9,1210862,43474057,23691671144,403224,288130.56200000003,20779865791,13,ClientRead
1785484710959,464.4,48009.3,990.1,10279.8,1213330,43605654,23741707952,404046,288677.465,20829558463,17,WALWrite
1785484711974,413.0,47937.3,971.5,10284.9,1215890,43690492,23791772371,404970,289283.889,20879931071,12,WALWrite
1785484712959,396.7,48156.6,978.5,10285.2,1218113,43766027,23837165602,405727,289867.90300000005,20928272063,11,ClientRead
1785484713959,443.1,48078.8,990.4,10283.8,1220721,43849769,23887103823,406566,290470.1780000001,20979193535,11,WALWrite
1785484714960,484.0,48256.8,974.7,10284.7,1223235,43927933,23932655664,407352,291049.011,21027559103,14,WALWrite
1785484715959,441.1,48254.4,955.2,10283.8,1225521,44034874,23982576370,408050,291655.681,21076399807,12,WALWrite
1785484716960,387.1,48235.7,968.5,10283.9,1228065,44130451,24032805520,408837,292237.684,21127771839,3,WalSync
1785484717959,417.6,48238.1,941.8,10284.5,1230567,44213543,24081987594,409670,292856.60500000004,21175482047,9,ClientRead
1785484718959,511.7,48252.3,988.0,10284.8,1233066,44298751,24133378150,410557,293440.629,21227173567,12,ClientRead
1785484719959,464.6,48367.5,943.8,10284.5,1235648,44403858,24184244437,411418,293993.161,21276505791,10,extend
1785484720960,436.4,48327.3,965.5,10283.7,1238444,44511156,24234433130,412288,294562.293,21325584063,14,ClientRead
1785484721959,421.9,48336.7,951.3,10284.2,1241259,44597506,24285333894,413269,295159.344,21376251583,10,WALWrite
1785484722959,404.3,48301.4,968.2,10282.9,1243862,44681986,24335488066,414144,295793.94200000004,21425788607,10,ClientRead
1785484723961,397.4,48260.1,956.6,10285.4,1246302,44763491,24384202108,414903,296417.90700000006,21475194559,7,ClientRead
1785484724959,438.0,48416.9,950.9,10283.1,1248437,44845997,24435672538,415526,297062.16300000006,21523510975,13,WALWrite
1785484725960,336.5,48352.6,911.8,10289.8,1250035,44937354,24470070715,416034,297560.80500000005,21565339327,18,WALWrite
1785484726959,157.8,48361.1,1153.7,10287.0,1251484,45034031,24540072506,416595,298519.127,21619250879,31,WALWrite
1785484727959,473.6,48403.7,984.7,10293.2,1253224,45103254,24586262278,417302,298998.2320000001,21669074623,7,WALWrite
1785484728959,431.5,48352.6,991.2,10286.8,1255421,45184227,24636394332,418077,299534.54500000004,21720250047,15,WALWrite
1785484729961,336.5,48315.1,958.4,10290.2,1257504,45274129,24687495731,418720,300284.17000000004,21768591039,14,extend
1785484730958,414.9,48463.0,996.5,10289.3,1259538,45394433,24741144998,419361,301001.07700000005,21818873535,6,WALWrite
1785484731959,245.6,48458.0,964.5,10292.2,1260827,45454440,24782970319,419732,301676.95200000005,21864011455,14,WALWrite
1785484732959,129.9,48412.1,961.4,10291.8,1261352,45489949,24809876544,419877,302178.756,21908756159,17,WALWrite
1785484733959,172.8,48413.5,1092.6,10292.1,1261917,45562172,24873404175,420048,303109.438,21960758975,9,ClientRead
1785484734959,477.5,48420.7,994.0,10290.3,1263992,45640366,24923124130,420826,303731.96400000004,22012122815,16,WALWrite
1785484735959,428.5,48407.7,968.9,10289.7,1266479,45750472,24975314777,421626,304289.22200000007,22060652223,9,WALWrite
1785484736959,381.6,48369.0,996.1,10295.3,1268858,45847544,25023447329,422464,304943.42,22110992063,6,ClientRead
1785484737960,402.9,48519.7,951.6,10293.9,1271328,45930690,25073071134,423416,305549.66500000004,22160037567,15,ClientRead
1785484738960,468.9,48393.6,997.9,10290.9,1273682,46014262,25124386765,424200,306097.574,22209582783,6,ClientRead
1785484739960,461.0,48438.7,961.5,10290.6,1276113,46126201,25178561178,424998,306773.01100000006,22258153151,2,
1785484740959,440.1,48479.8,966.5,10291.3,1278648,46237253,25230080794,425789,307286.3000000001,22306338495,12,BufferContent
1785484741959,403.1,48429.6,940.1,10303.5,1281269,46344693,25281760437,426692,307917.22200000007,22354941631,13,ClientRead
1785484742959,401.0,48583.9,973.4,10293.6,1283740,46424455,25330006610,427510,308492.16500000004,22404454079,12,WALWrite
1785484743961,291.8,48542.8,895.2,10297.0,1284569,46453063,25348503497,427794,308629.6410000001,22446110399,18,WALWrite
1785484744960,88.2,48602.3,838.6,10319.3,1284853,46476972,25369027355,427887,309254.0830000001,22484072127,21,WALWrite
1785484745960,68.1,48432.2,1104.5,10481.6,1285409,46560829,25447913437,428098,310186.6310000001,22527588031,5,WALWrite
1785484746962,124.1,48513.5,1461.7,10487.6,1286310,46653505,25519462155,428520,311043.02300000004,22584161983,1,
1785484747959,192.1,48531.9,1156.7,10482.7,1286827,46724835,25569209561,428888,311382.26800000004,22639261375,2,
1785484748959,433.8,48510.5,1018.0,10468.2,1288351,46819150,25618983357,429500,311932.26100000006,22688356031,11,WALWrite
1785484749959,413.1,48489.5,958.3,10469.8,1290602,46901127,25669877286,430350,312470.167,22737376959,8,ClientRead
1785484750960,447.1,48466.5,966.0,10472.6,1293215,47022577,25719841948,431267,313046.106,22785898175,7,extend
1785484751959,383.4,48423.6,969.3,10486.5,1295808,47111659,25769198842,432215,313593.28300000005,22834763455,4,WALWrite
1785484752958,366.6,48381.1,988.3,10486.0,1298051,47193756,25819844378,432965,314258.85300000006,22882907839,7,WALWrite
1785484753959,398.5,48356.2,980.2,10493.2,1300306,47270860,25866015733,433734,314909.0200000001,22932870847,18,ClientRead
1785484754960,478.1,48517.5,1000.1,10494.1,1302873,47361782,25914567192,434556,315401.12100000004,22981400255,19,ClientRead
1785484755958,447.2,48495.5,949.2,10492.8,1305028,47452098,25953540169,435242,315898.69600000005,23025620671,19,WALWrite
1785484756959,95.3,48444.1,1001.1,10494.6,1306405,47523686,26006608950,435617,316746.64800000004,23071028927,80,WALWrite
1785484757958,483.6,48398.0,979.1,10500.1,1307054,47575533,26053322989,435737,317518.4,23120598719,11,WALWrite
1785484758959,508.8,48472.7,1084.2,10498.3,1308070,47635789,26101046123,436043,318174.94000000006,23171102399,12,extend
1785484759961,481.1,48435.8,1025.3,10502.0,1309753,47700433,26143620787,436528,318780.98500000004,23220590271,17,BufferContent
1785484760959,479.6,48451.9,1020.3,10501.9,1311316,47790521,26195891061,436892,319431.184,23264138943,9,extend
1785484761959,422.8,48461.0,996.9,10504.2,1312633,47885062,26249866069,437307,320232.6000000001,23315740351,10,WALWrite
1785484762959,423.4,48401.1,987.2,10503.3,1314466,48889636,26356773868,437826,320880.004,23348180671,8,WALWrite
1785484763960,93.5,48454.2,888.2,10511.3,1314598,48897516,26362951064,437860,321052.02300000004,23360255679,19,WALWrite
1785484764961,89.8,48325.2,935.8,10521.3,1314843,48944089,26407880171,437939,321897.655,23374780095,19,WALWrite
1785484765960,125.2,48134.0,1411.6,10549.0,1315826,49069199,26515519483,438320,322963.929,23397316287,1,
1785484766959,288.0,48286.4,1219.5,10536.8,1316793,49137000,26555174238,438758,323645.22,23418246847,6,ClientRead
1785484767960,419.8,48099.2,986.7,10537.0,1318666,49222180,26594637742,439444,324067.065,23437751999,11,ClientRead
1785484768959,461.3,48249.8,1006.3,10536.6,1321088,49308727,26646687355,440256,324650.723,23457830591,10,WALWrite
1785484769959,424.8,48066.1,999.8,10537.3,1323451,49389670,26694850233,441147,325244.992,23478097599,13,WALInsert
1785484770961,415.4,48246.4,1006.2,10535.3,1325811,49494879,26744152053,441966,325779.377,23497701055,15,WALWrite
1785484771960,416.6,48065.6,997.1,10536.2,1328427,49598349,26794100955,442913,326360.67299999995,23517730495,18,WALWrite
1785484772959,420.5,48257.2,998.6,10534.8,1331132,49686613,26845697212,443848,326938.61100000003,23538063039,18,WALWrite
1785484773960,418.9,48117.9,983.2,10536.1,1333764,49770510,26894774905,444725,327469.408,23558297279,8,ClientRead
1785484774958,478.0,47964.0,979.6,10534.7,1336178,49853104,26943342378,445510,328015.85,23578719935,19,WALWrite
1785484775963,438.2,48140.3,968.3,10535.8,1338564,49964142,26994822124,446288,328605.787,23598372543,20,WALWrite
1785484776960,419.5,47961.9,975.5,10534.6,1341271,50064798,27045645850,447217,329225.493,23618639551,17,WALWrite
1785484777959,434.6,48114.8,983.6,10535.8,1343744,50148257,27094731059,448027,329756.60900000005,23638521535,9,ClientRead
1785484778960,501.9,48030.7,1005.4,10536.6,1346185,50237303,27148132902,448884,330385.04300000006,23658256063,4,ClientRead
1785484779958,463.1,48068.3,985.1,10536.5,1348545,50320465,27197457863,449688,330968.03500000003,23679260351,8,ClientRead
1785484780959,289.8,48204.4,934.5,10536.5,1349868,50402213,27228152201,450091,331571.617,23694169791,21,WALWrite
1785484781958,94.2,48324.2,1038.9,10539.8,1350935,50485266,27291054885,450319,332355.631,23711577791,6,WALWrite
1785484782959,110.0,48083.0,1081.4,10554.3,1351496,50557983,27355521376,450459,333178.256,23732205247,0,
1785484783960,398.4,48202.0,1023.3,10517.4,1352939,50611586,27389302603,450956,333738.482,23752775359,12,WALWrite
1785484784959,495.1,48022.7,989.8,10517.2,1355426,50705782,27436397905,451814,334293.759,23773300415,12,WALWrite
1785484785959,452.0,48155.7,986.1,10517.6,1357702,50806844,27481829749,452549,334786.14700000006,23795717823,9,ClientRead
1785484786960,427.9,48270.0,994.0,10516.2,1360252,50888494,27529558477,453307,335356.13200000004,23816500927,79,WALWrite
1785484787961,783.3,48122.9,993.1,10530.5,1362802,50963888,27575109654,454016,335852.884,23836169919,18,WALWrite
1785484788959,401.1,48210.4,988.9,10530.3,1364810,51045838,27629607071,454531,336532.512,23856600767,3,ClientRead
1785484789959,440.9,48296.3,994.6,10530.3,1367365,51130135,27680588941,455396,337141.714,23879055039,6,WALWrite
1785484790959,454.7,48039.7,998.1,10531.3,1369993,51244860,27733624040,456276,337700.338,23899174591,3,ClientRead
1785484791959,421.9,48123.8,1001.0,10538.3,1372859,51347412,27786446651,457285,338367.79600000003,23919564479,8,ClientRead
1785484792959,402.1,48213.1,1001.4,10541.4,1375459,51432059,27836280705,458183,338926.58100000006,23941043903,17,WALWrite
1785484793960,294.5,48294.2,974.2,10540.0,1377000,51488343,27870748736,458638,339385.422,23958558399,18,WALWrite
1785484794959,226.5,48382.8,1151.5,10543.6,1378284,51580973,27940443856,459088,340530.72900000005,23979300543,18,WALWrite
1785484795960,431.0,48144.8,1009.8,10542.7,1380291,51691809,27989653385,459748,341075.188,23999805119,18,WALWrite
1785484796959,365.2,48240.2,986.2,10542.3,1382658,51774757,28040110739,460502,341664.52,24040347327,17,WALWrite
1785484797960,377.1,48358.7,1012.5,10541.2,1384589,51849477,28086626505,461136,342255.766,24088401599,14,WALWrite
1785484798959,469.9,48375.8,993.1,10542.7,1386595,51926552,28134182967,461844,342921.46,24140510911,3,
1785484799959,316.1,48420.4,955.8,10548.8,1387473,51979599,28166924273,462151,343318.9860000001,24180545215,3,ClientRead
1785484800958,405.8,48528.3,1084.6,10542.3,1388712,52305329,28229776171,462621,343972.00800000003,24237569727,6,ClientRead
1785484801960,437.8,48416.4,1000.6,10544.9,1390864,52389007,28282340497,463370,344490.031,24287467199,4,ClientRead
1785484802959,425.6,48341.3,1031.5,10542.4,1393350,52471103,28330579502,464276,345099.25600000005,24337487551,16,WALWrite
1785484803959,433.6,48491.1,1026.4,10545.3,1396080,52555653,28379910204,465116,345672.183,24387335871,3,
1785484804959,484.8,48448.6,1008.8,10545.0,1398750,52642723,28431005577,466033,346251.9420000001,24436094655,21,WALWrite
1785484805959,429.9,48414.5,999.2,10544.7,1401129,52756336,28483144521,466747,346848.38200000004,24486516415,11,ClientRead
1785484806958,431.4,48383.9,1015.0,10545.4,1403835,52853653,28536121782,467731,347469.19500000007,24535316159,7,ClientRead
1785484807960,423.3,48336.7,1003.3,10546.0,1406448,52939335,28586351182,468719,348061.25800000003,24585713343,11,WALWrite
1785484808960,491.5,48501.1,1018.8,10544.9,1408817,53025400,28637962390,469493,348624.14800000004,24637232831,14,ClientRead
1785484809960,413.4,48461.4,1032.8,10546.4,1411354,53112341,28690035511,470209,349261.334,24686261951,8,WALWrite
1785484810960,161.0,48386.1,907.2,10548.0,1411731,53148440,28705612187,470315,349767.67899999995,24726148799,18,WALWrite
1785484811959,95.4,48339.9,1108.8,10548.7,1412550,53246284,28788263664,470479,350718.947,24776300223,6,WALWrite
1785484812960,102.9,48507.4,1132.9,10552.8,1412845,53298745,28832777972,470553,351407.37899999996,24818366143,19,WALWrite
1785484813960,286.1,48496.9,1181.8,10547.5,1413593,53362071,28875070694,470841,352210.085,24875923135,12,WALWrite
1785484814960,470.0,48451.3,1036.3,10551.9,1415562,53439794,28923506995,471514,352819.489,24925247167,8,ClientRead
1785484815958,450.5,48439.6,1025.2,10545.8,1417609,53535710,28972503676,472121,353348.49499999994,24975791807,6,ClientRead
1785484816959,392.0,48396.9,1009.1,10546.8,1420035,53636675,29022853213,472887,353996.004,25022068415,0,
1785484817958,29.5,48412.2,118.7,10538.8,1420056,53637346,29023265062,472894,354001.91000000003,25022478015,0,
1785484818958,78.0,48339.6,1.3,10539.6,1420069,53637647,29023310630,472898,354003.24100000004,25022486207,0,
1785484819958,50.4,48241.5,1.6,10539.1,1420085,53638273,29023716645,472900,354004.33900000004,25022494399,1,
1785484820959,18.9,48255.6,1.6,10539.3,1420087,53638273,29023716645,472900,354004.33900000004,25022494399,0,
1785484821958,5.4,48259.7,1.2,10539.6,1420089,53638273,29023716645,472900,354004.33900000004,25022494399,0,
1785484822958,5.4,48263.3,1.2,10539.1,1420091,53638273,29023716645,472900,354004.33900000004,25022494399,0,
1785484823958,6.1,48267.8,1.1,10539.3,1420093,53638273,29023716645,472900,354004.33900000004,25022494399,0,
1785484824958,88.6,48280.6,1.7,10539.6,1420111,53638490,29023821075,472905,354006.75800000003,25022494399,0,
1785484825958,11.4,48293.6,1.4,10539.3,1420113,53638490,29023821075,472905,354006.75800000003,25022494399,0,
1785484826958,6.7,48300.1,1.3,10538.8,1421255,53678847,29047763801,473299,354350.83400000003,25022494399,0,
1785484827959,5.4,48298.8,1.2,10539.1,1421258,53678884,29047783379,473300,354351.049,25022494399,0,
1785484828959,6.5,48302.6,1.4,10539.6,1421266,53678908,29047786814,473302,354351.635,25022494399,0,
1785484829959,20.4,48307.5,1.6,10539.1,1421480,53715792,29049790346,473503,354427.71300000005,25022494399,1,
1785484830959,31.4,48322.7,1.7,10539.1,1421482,53715792,29049790346,473503,354427.71300000005,25022494399,0,
1785484831959,5.4,48326.7,1.3,10539.3,1421484,53715793,29049790396,473504,354428.319,25022494399,0,
1785484832958,5.5,48330.6,1.3,10539.3,1421486,53715793,29049790396,473504,354428.319,25022494399,0,
1785484833959,6.1,48334.8,1.3,10539.6,1421488,53715793,29049790396,473504,354428.319,25022494399,0,
1785484834959,84.6,48347.5,1.8,10539.1,1421706,53746548,29051464152,473705,354471.096,25022502591,1,
1785484835958,20.6,48362.1,1.7,10539.1,1421708,53746548,29051464152,473705,354471.096,25022502591,0,
1785484836959,5.5,48366.3,1.3,10539.3,1421710,53746548,29051464152,473705,354471.096,25022502591,0,
1785484837958,5.5,48370.1,1.4,10539.3,1421712,53746548,29051464152,473705,354471.096,25022502591,0,
1785484838959,6.9,48374.6,1.4,10539.6,1421720,53746584,29051477955,473707,354472.06200000003,25022502591,0,
1785484839958,33.7,48399.0,2.0,10539.1,1421935,53773909,29052958839,473907,354719.82600000006,25022502591,1,ClientRead
1785484840958,25.3,48418.1,1.7,10539.3,1421937,53773909,29052958839,473907,354719.82600000006,25022502591,0,
1785484841958,5.4,48422.1,1.3,10539.8,1421939,53773909,29052958839,473907,354719.82600000006,25022502591,0,
1785484842958,5.5,48426.1,1.3,10539.6,1421941,53773909,29052958839,473907,354719.82600000006,25022502591,0,
1785484843958,6.0,48429.7,1.3,10539.6,1421943,53773909,29052958839,473907,354719.82600000006,25022502591,0,
1785484844959,86.8,48442.8,1.5,10539.3,1422153,53804116,29054601393,474109,354831.2250000001,25022510783,1,
1785484845958,18.8,48458.1,1.6,10539.3,1422155,53804116,29054601393,474109,354831.2250000001,25022518975,0,
1785484846959,5.6,48461.9,1.3,10539.3,1422157,53804117,29054601443,474110,354833.15100000007,25022518975,0,
1785484847959,5.4,48466.1,1.2,10539.3,1422159,53804117,29054601443,474110,354833.15100000007,25022518975,0,
1785484848958,6.4,48470.5,1.2,10539.3,1422165,53804127,29054603200,474111,354833.9150000001,25022518975,0,
1785484849959,37.8,48475.6,1.6,10539.3,1422380,53834780,29056268453,474313,354969.1330000001,25022527167,0,
1785484850958,9.3,48479.8,1.4,10539.6,1422382,53834780,29056268453,474313,354969.1330000001,25022527167,0,
1785484851959,5.5,48484.0,1.2,10539.3,1422384,53834780,29056268453,474313,354969.1330000001,25022527167,0,
1785484852958,5.8,48487.8,1.3,10539.3,1422386,53834780,29056268453,474313,354969.1330000001,25022527167,0,
1785484853958,5.9,48492.3,1.2,10539.6,1422388,53834780,29056268453,474313,354969.1330000001,25022527167,0,
1785484854959,85.5,48496.9,1.7,10539.3,1422604,53859289,29057606424,474515,355034.8900000001,25022527167,1,
