sec,cpu_busy_pct,gol_rss_gb,rx_mbps,tx_mbps
1,46.9,0.03,101,180
2,46.2,0.03,157,204
3,49.9,0.03,188,223
4,50.6,0.03,244,250
5,51.0,0.03,302,278
6,51.5,0.03,331,296
7,52.0,0.03,399,324
8,53.1,0.04,437,344
9,55.0,0.03,493,368
10,54.1,0.03,531,393
11,56.4,0.03,594,421
12,58.4,0.04,642,448
13,57.5,0.04,696,478
14,60.6,0.03,742,504
15,61.8,0.04,795,533
16,60.3,0.04,834,565
17,61.6,0.04,908,598
18,62.6,0.04,954,628
19,64.1,0.04,993,658
20,65.9,0.04,1058,686
21,65.0,0.06,1090,715
22,68.5,0.05,1166,763
23,69.7,0.05,1256,797
24,69.2,0.06,1270,814
25,71.0,0.06,1326,853
26,71.6,0.06,1370,885
27,72.7,0.06,1432,913
28,74.3,0.07,1480,955
29,75.4,0.07,1559,993
30,70.5,0.07,1566,992
31,75.9,0.08,1574,999
32,76.4,0.08,1562,1026
33,75.4,0.07,1575,1004
34,76.4,0.07,1569,1001
35,76.3,0.07,1562,1002
36,76.1,0.07,1564,1012
37,77.2,0.07,1578,1003
38,75.2,0.07,1496,997
39,76.1,0.08,1646,1017
40,77.2,0.07,1588,1004
41,74.3,0.07,1548,1002
42,76.2,0.09,1565,1004
43,77.5,0.08,1582,1010
44,76.4,0.08,1567,1004
45,75.9,0.07,1579,1007
46,75.6,0.08,1561,1016
47,76.8,0.08,1586,1003
48,74.5,0.10,1481,993
49,78.4,0.11,1712,1023
50,77.1,0.12,1570,1023
51,75.9,0.09,1592,1010
52,76.1,0.10,1566,1006
53,78.5,0.10,1588,1016
54,76.6,0.09,1583,1011
55,74.7,0.08,1581,1004
56,75.2,0.08,1565,1010
57,75.1,0.09,1581,1008
58,76.0,0.09,1572,1017
59,67.5,0.09,1582,986
60,77.1,0.08,1577,1010
61,78.1,0.08,1566,1003
62,77.2,0.08,1571,1016
63,76.0,0.07,1553,1018
64,75.6,0.07,1566,1003
65,74.9,0.08,1568,1007
66,75.8,0.07,1567,1000
67,76.5,0.07,1523,1007
68,76.5,0.07,1611,1019
69,77.0,0.08,1591,1003
70,76.6,0.08,1577,1012
71,76.7,0.09,1576,1007
72,78.5,0.08,1572,1014
73,76.5,0.08,1567,1007
74,77.2,0.09,1573,1006
75,77.5,0.08,1591,1010
76,75.7,0.08,1573,1009
77,74.3,0.10,1530,1008
78,77.7,0.12,1681,1012
79,77.0,0.10,1581,1028
80,76.3,0.11,1587,1002
81,76.3,0.09,1582,1017
82,75.9,0.09,1576,1008
83,76.7,0.09,1573,1016
84,77.4,0.08,1564,1002
85,76.2,0.08,1592,1004
86,76.9,0.08,1567,1003
87,74.8,0.08,1543,1013
88,67.3,0.09,1579,982
89,76.2,0.08,1581,999
90,76.1,0.08,1566,1017
91,73.2,0.09,1546,991
92,76.4,0.08,1585,1014
93,76.4,0.07,1543,1004
94,77.7,0.07,1568,1002
95,78.1,0.08,1586,1016
96,75.2,0.09,1524,991
97,77.5,0.08,1624,1021
98,76.7,0.08,1583,1015
99,75.7,0.08,1554,1003
100,76.0,0.08,1582,1011
101,77.5,0.08,1573,1007
102,76.1,0.09,1584,1010
103,76.5,0.08,1553,1006
104,76.5,0.09,1593,1005
105,76.2,0.08,1562,1005
106,76.3,0.11,1515,1012
107,77.6,0.10,1695,1017
108,76.6,0.11,1592,1018
109,76.3,0.11,1601,1022
110,77.1,0.10,1578,1016
111,76.6,0.11,1571,1001
112,77.0,0.09,1591,1024
113,76.6,0.08,1576,1003
114,76.2,0.07,1580,1022
115,76.0,0.08,1592,1001
116,75.9,0.09,1581,1033
117,61.6,0.12,1581,982
118,76.1,0.08,1582,1018
119,75.9,0.09,1570,1010
120,75.9,0.07,1564,1001
121,72.4,0.10,1560,1004
122,77.3,0.07,1578,1012
123,77.5,0.08,1569,1015
124,76.3,0.08,1556,1005
125,76.0,0.08,1529,1003
126,76.7,0.08,1652,1026
127,77.2,0.08,1573,1014
128,76.9,0.08,1570,1004
129,76.9,0.09,1591,1010
130,75.1,0.08,1546,1009
131,77.9,0.08,1594,1013
132,75.7,0.09,1581,1005
133,76.0,0.10,1565,1005
134,77.4,0.11,1641,1021
135,75.0,0.11,1452,1020
136,79.0,0.11,1716,1027
137,76.4,0.10,1590,1009
138,76.3,0.10,1563,1004
139,78.6,0.09,1582,1019
140,76.3,0.09,1581,1006
141,75.6,0.10,1567,1008
142,77.8,0.09,1582,1014
143,76.7,0.08,1586,1013
144,77.4,0.08,1576,1015
145,76.4,0.10,1577,1009
146,58.4,0.20,1544,967
147,77.8,0.09,1609,1022
148,76.4,0.09,1550,1018
149,75.6,0.07,1578,1011
150,76.9,0.07,1576,1013
151,69.8,0.17,1536,985
152,76.8,0.08,1593,1017
153,77.1,0.08,1578,1018
154,76.7,0.09,1527,995
155,78.4,0.08,1609,1027
156,78.0,0.08,1604,1012
157,76.3,0.08,1578,1019
158,77.3,0.08,1580,1007
159,77.4,0.10,1588,1010
160,77.0,0.09,1583,1027
161,75.5,0.09,1587,1002
162,76.6,0.10,1584,1027
163,76.5,0.10,1634,1005
164,75.7,0.12,1510,1005
165,76.2,0.10,1649,1024
166,76.5,0.09,1585,1019
167,76.8,0.10,1570,1005
168,77.4,0.11,1572,1005
169,77.0,0.09,1579,1007
170,78.5,0.10,1573,1010
171,77.3,0.08,1577,1009
172,77.6,0.08,1576,1014
173,77.3,0.09,1575,1015
174,76.6,0.08,1589,1010
175,51.5,0.26,1442,895
176,80.2,0.10,1716,1118
177,77.0,0.07,1565,1008
178,77.3,0.08,1566,1008
179,78.6,0.08,1592,1011
180,76.5,0.08,1563,1004
181,76.4,0.12,1512,1017
182,79.6,0.09,1663,1026
183,75.9,0.09,1496,1007
184,77.3,0.09,1646,1018
185,77.4,0.08,1586,1005
186,78.0,0.09,1573,1019
187,76.7,0.08,1582,1009
188,77.3,0.09,1573,1011
189,73.4,0.09,1598,1002
190,78.2,0.10,1600,1023
191,77.5,0.10,1592,1003
192,78.1,0.10,1586,1016
193,76.9,0.11,1574,1012
194,77.2,0.09,1595,1028
195,78.3,0.10,1579,1010
196,76.1,0.09,1582,1012
197,78.1,0.09,1573,1026
198,76.3,0.09,1581,1001
199,77.8,0.08,1580,1003
200,76.5,0.08,1570,1011
201,78.1,0.08,1572,1007
202,77.4,0.08,1576,1012
203,76.0,0.09,1559,1019
204,51.0,0.27,1458,888
205,80.1,0.08,1696,1096
206,78.8,0.08,1570,1022
207,76.9,0.08,1571,1006
208,77.2,0.08,1571,1013
209,76.3,0.08,1595,1010
210,78.2,0.08,1557,1003
211,74.9,0.09,1555,1005
212,76.9,0.09,1545,1019
213,76.9,0.08,1641,1015
214,77.3,0.08,1564,1007
215,77.5,0.08,1576,1013
216,75.9,0.09,1590,999
217,77.0,0.10,1597,1018
218,75.7,0.11,1590,1006
219,78.4,0.10,1598,1033
220,76.2,0.10,1590,1021
221,76.7,0.10,1589,1007
222,75.2,0.13,1579,1026
223,77.7,0.09,1594,1004
224,76.6,0.08,1565,1009
225,74.8,0.09,1566,1006
226,76.9,0.08,1583,1008
227,76.6,0.09,1584,1017
228,76.6,0.07,1566,994
229,73.9,0.12,1564,1000
230,76.9,0.10,1590,1017
231,77.5,0.07,1556,1013
232,76.1,0.13,1558,1010
233,54.2,0.17,1513,916
234,78.6,0.08,1644,1069
235,75.6,0.08,1576,1018
236,76.5,0.10,1563,1014
237,78.4,0.08,1582,1013
238,75.9,0.08,1588,1007
239,75.8,0.09,1561,1010
240,76.8,0.08,1569,1003
241,75.6,0.10,1467,1008
242,77.8,0.09,1666,1020
243,76.5,0.08,1611,1015
244,75.8,0.08,1576,1005
245,76.3,0.08,1591,1008
246,77.6,0.10,1594,999
247,75.8,0.10,1570,1017
248,76.9,0.11,1598,1012
249,75.8,0.12,1576,1004
250,76.7,0.09,1573,1020
251,75.0,0.10,1573,995
252,77.1,0.10,1571,1014
253,75.8,0.08,1579,1009
254,76.1,0.08,1576,1006
255,75.4,0.08,1562,994
256,76.6,0.08,1583,1021
257,77.6,0.08,1562,1008
258,76.7,0.08,1586,1004
259,76.8,0.08,1560,1012
260,77.1,0.08,1568,1000
261,75.8,0.09,1563,1021
262,37.8,0.09,848,805
263,85.1,0.19,2266,1146
264,77.4,0.08,1587,1015
265,77.2,0.09,1520,1002
266,77.5,0.08,1629,1025
267,76.9,0.07,1563,1015
268,75.8,0.09,1580,998
269,76.7,0.08,1574,1018
270,74.4,0.10,1451,994
271,79.3,0.09,1733,1037
272,76.5,0.09,1555,1007
273,75.8,0.09,1552,1003
274,77.6,0.09,1620,1016
275,77.5,0.10,1604,1015
276,76.9,0.12,1580,1010
277,76.0,0.11,1604,1012
278,78.1,0.12,1579,1033
279,76.9,0.09,1585,998
280,76.0,0.11,1587,1020
281,76.2,0.09,1585,1021
282,76.7,0.09,1580,1015
283,76.5,0.09,1594,1007
284,78.1,0.09,1575,1015
285,75.9,0.09,1567,998
286,76.3,0.08,1580,1016
287,76.8,0.08,1558,1010
288,76.6,0.08,1578,1005
289,77.6,0.07,1561,1009
290,77.2,0.08,1559,1019
291,36.5,0.11,923,819
292,85.8,0.19,2218,1146
293,78.7,0.08,1587,1009
294,76.2,0.08,1571,1007
295,78.1,0.09,1564,1007
296,78.5,0.08,1594,1024
297,75.7,0.09,1541,998
298,75.6,0.09,1600,1015
299,75.7,0.10,1512,1014
300,77.3,0.11,1629,1018
301,78.1,0.09,1610,1018
302,77.4,0.11,1599,1007
303,77.6,0.11,1585,1008
304,77.7,0.11,1604,1021
305,78.3,0.10,1599,1018
306,76.5,0.09,1583,1024
307,77.0,0.10,1582,1013
308,76.7,0.09,1581,1012
309,74.7,0.12,1577,1020
310,77.5,0.09,1587,1023
311,76.9,0.08,1586,1004
312,77.0,0.09,1578,1026
313,75.7,0.08,1577,996
314,75.5,0.08,1590,1017
315,77.1,0.08,1569,1012
316,76.2,0.08,1561,1011
317,75.8,0.08,1559,1003
318,75.8,0.08,1574,1008
319,74.1,0.08,1533,1015
320,35.2,0.10,860,800
321,86.0,0.21,2311,1152
322,75.6,0.09,1567,1012
323,76.8,0.08,1594,1014
324,77.8,0.08,1562,1018
325,74.7,0.08,1591,1010
326,76.5,0.08,1563,1011
327,77.4,0.09,1592,1015
328,74.4,0.10,1501,1008
329,77.1,0.09,1630,1007
330,76.0,0.09,1612,1008
331,76.9,0.10,1634,1024
332,77.5,0.11,1596,1021
333,77.8,0.10,1599,1025
334,75.8,0.10,1578,1004
335,75.4,0.09,1569,1012
336,77.6,0.11,1583,1012
337,77.0,0.08,1578,1011
338,76.0,0.12,1566,1016
339,76.6,0.10,1586,999
340,77.0,0.08,1572,1014
341,76.9,0.09,1577,1011
342,76.5,0.08,1570,1000
343,76.5,0.08,1584,1020
344,77.8,0.07,1566,1011
345,77.0,0.07,1553,1003
346,76.7,0.07,1572,1010
347,76.5,0.09,1569,1010
348,72.3,0.08,1490,993
349,30.3,0.07,708,762
350,80.5,0.28,2447,1162
351,77.8,0.10,1629,1030
352,76.0,0.08,1568,1006
353,76.6,0.09,1564,1001
354,77.4,0.11,1583,1005
355,75.9,0.08,1589,1033
356,76.8,0.08,1569,1016
357,75.6,0.09,1532,1011
358,77.0,0.10,1660,1011
359,76.7,0.13,1615,1022
360,77.2,0.09,1583,1024
361,78.3,0.09,1596,1013
362,77.7,0.10,1573,1007
363,76.5,0.09,1583,1003
364,75.9,0.08,1577,1018
365,75.0,0.09,1577,1007
366,75.7,0.09,1557,1015
367,76.0,0.09,1604,1008
368,77.2,0.08,1576,1017
369,75.6,0.08,1575,1012
370,76.9,0.08,1590,1013
371,75.8,0.09,1577,1003
372,75.7,0.08,1559,1016
373,77.1,0.07,1559,1007
374,77.0,0.08,1569,1008
375,76.5,0.08,1574,1003
376,76.5,0.08,1548,1004
377,72.5,0.08,1498,998
378,30.1,0.07,706,763
379,76.8,0.31,2415,1134
380,79.9,0.12,1661,1056
381,78.5,0.10,1570,1009
382,76.4,0.09,1568,1002
383,78.1,0.08,1583,1015
384,76.9,0.09,1564,1012
385,76.6,0.09,1583,1007
386,76.5,0.09,1480,1015
387,77.1,0.11,1672,1019
388,78.7,0.10,1661,1032
389,77.5,0.10,1592,1023
390,77.4,0.09,1594,1015
391,76.7,0.11,1568,1006
392,78.3,0.10,1582,1014
393,78.2,0.09,1579,1015
394,76.8,0.08,1594,1016
395,75.6,0.08,1578,1005
396,76.1,0.08,1580,1029
397,75.3,0.09,1584,995
398,76.8,0.08,1572,1012
399,77.5,0.08,1587,1014
400,76.6,0.08,1555,1016
401,76.4,0.07,1554,997
402,78.0,0.08,1565,1011
403,76.7,0.08,1576,1003
404,76.3,0.08,1572,1019
405,77.0,0.07,1573,1012
406,70.9,0.08,1496,988
407,43.9,0.09,1165,874
408,76.7,0.25,2037,1082
409,77.8,0.10,1579,1009
410,76.0,0.09,1575,1006
411,77.0,0.10,1586,1015
412,77.4,0.08,1590,1014
413,78.0,0.09,1567,1014
414,77.6,0.09,1585,1019
415,75.2,0.10,1486,1000
416,76.2,0.11,1721,1027
417,79.0,0.11,1598,1021
418,77.6,0.10,1584,1017
419,77.2,0.10,1587,1011
420,76.9,0.09,1570,1009
421,77.1,0.09,1579,1014
422,78.6,0.08,1581,1013
423,76.4,0.10,1578,1005
424,77.1,0.09,1576,1002
425,75.5,0.09,1587,1037
426,75.5,0.08,1580,1001
427,76.7,0.09,1569,1008
428,78.2,0.08,1569,1011
429,76.9,0.08,1558,1012
430,77.7,0.07,1573,1005
431,76.1,0.08,1566,1005
432,75.6,0.08,1581,1015
433,77.3,0.08,1590,1026
434,78.1,0.08,1578,1017
435,67.1,0.08,1443,966
436,34.8,0.08,866,801
437,72.6,0.30,2254,1098
438,80.7,0.14,1683,1063
439,77.5,0.09,1583,1013
440,76.8,0.08,1557,1010
441,76.7,0.09,1601,1001
442,76.7,0.09,1560,1018
443,77.6,0.11,1608,1005
444,76.5,0.11,1495,1017
445,78.1,0.13,1671,1015
446,78.2,0.11,1598,1021
447,77.2,0.10,1595,1018
448,75.3,0.11,1587,1011
449,77.7,0.10,1577,1003
450,78.4,0.10,1594,1033
451,72.5,0.09,1561,989
452,76.4,0.08,1585,1019
453,78.4,0.08,1570,1011
454,76.9,0.08,1584,1017
455,76.9,0.09,1576,1002
456,77.7,0.08,1576,1014
457,78.7,0.08,1556,1010
458,77.2,0.08,1561,1006
459,77.4,0.08,1562,1006
460,77.5,0.08,1581,1017
461,77.3,0.08,1570,1002
462,77.5,0.08,1575,1002
463,76.1,0.09,1566,1003
464,70.4,0.09,1500,999
465,48.5,0.09,1328,913
466,71.2,0.13,1839,1036
467,77.2,0.09,1587,1009
468,77.9,0.09,1581,1007
469,78.0,0.08,1596,1025
470,77.2,0.09,1555,1007
471,77.4,0.10,1578,1002
472,76.8,0.10,1592,1026
473,76.4,0.11,1557,1021
474,78.1,0.10,1694,1029
475,78.8,0.10,1585,1024
476,77.6,0.09,1600,1021
477,77.5,0.10,1570,1018
478,75.9,0.09,1597,1019
479,77.4,0.10,1583,1006
480,76.2,0.09,1561,1014
481,79.2,0.08,1585,1008
482,77.1,0.08,1567,1011
483,76.2,0.09,1582,1002
484,76.9,0.08,1588,1021
485,76.6,0.08,1568,1031
486,76.4,0.08,1571,995
487,77.7,0.08,1564,1015
488,76.9,0.08,1556,1012
489,76.4,0.08,1596,1013
490,77.2,0.09,1565,1011
491,77.5,0.08,1589,1014
492,77.4,0.08,1582,1011
493,68.2,0.08,1444,975
494,49.1,0.09,1303,905
495,74.1,0.11,1944,1068
496,77.1,0.09,1597,1009
497,78.4,0.08,1568,1018
498,77.5,0.09,1567,1009
499,75.2,0.09,1575,1008
500,76.1,0.10,1626,1012
501,76.1,0.11,1590,1025
502,77.1,0.11,1565,1004
503,77.5,0.11,1618,1031
504,77.3,0.09,1566,993
505,78.0,0.09,1586,1026
506,76.3,0.10,1559,1005
507,78.5,0.10,1580,1002
508,76.5,0.10,1571,1015
509,77.5,0.09,1600,1019
510,77.1,0.10,1554,993
511,77.8,0.08,1580,1023
512,78.4,0.09,1576,1006
513,74.8,0.08,1566,1017
514,76.8,0.09,1565,1009
515,77.9,0.08,1557,998
516,77.1,0.08,1556,1000
517,77.5,0.09,1571,1010
518,78.0,0.09,1591,1024
519,75.3,0.09,1579,1009
520,76.6,0.10,1580,1022
521,76.8,0.10,1573,997
522,69.8,0.09,1506,997
523,45.8,0.09,1197,882
524,58.0,0.21,1739,948
525,81.7,0.14,1788,1109
526,76.8,0.10,1595,1018
527,76.9,0.08,1585,1007
528,77.0,0.09,1586,1009
529,76.7,0.12,1592,993
530,76.0,0.12,1590,1019
531,76.8,0.11,1576,1024
532,77.3,0.11,1607,1020
533,76.5,0.12,1596,1016
534,78.4,0.09,1581,1007
535,77.7,0.10,1580,1021
536,77.8,0.10,1563,1005
537,77.3,0.09,1574,1017
538,77.2,0.09,1579,1007
539,77.6,0.09,1581,1005
540,78.5,0.08,1569,1003
541,75.1,0.10,1566,1035
542,76.5,0.09,1582,1003
543,78.0,0.08,1562,1010
544,77.4,0.08,1558,1003
545,78.0,0.08,1572,1003
546,76.9,0.08,1575,1009
547,75.8,0.08,1543,995
548,77.0,0.09,1599,1002
549,76.2,0.08,1553,1013
550,77.2,0.09,1574,1014
551,68.6,0.09,1464,983
552,41.5,0.09,1069,854
553,53.2,0.11,1471,935
554,85.2,0.21,2273,1167
555,77.8,0.09,1577,999
556,77.6,0.09,1566,1005
557,77.6,0.08,1558,1011
558,76.4,0.10,1551,1006
559,77.6,0.10,1665,1017
560,76.5,0.14,1566,989
561,77.1,0.11,1598,1025
562,76.5,0.10,1580,1023
563,76.4,0.09,1573,1003
564,77.3,0.09,1564,1018
565,77.6,0.09,1588,996
566,77.0,0.10,1581,1019
567,77.6,0.09,1578,1001
568,76.6,0.09,1574,1015
569,77.4,0.09,1575,1007
570,77.6,0.09,1574,1010
571,75.8,0.08,1575,1012
572,77.7,0.08,1565,1015
573,77.1,0.08,1558,1004
574,76.3,0.09,1557,999
575,76.9,0.08,1580,1011
576,78.2,0.09,1568,990
577,76.9,0.08,1556,1021
578,77.2,0.08,1562,1013
579,77.7,0.09,1598,1003
580,68.7,0.09,1448,985
581,35.2,0.09,848,799
582,37.3,0.09,915,811
583,88.4,0.28,2927,1245
584,78.9,0.13,1678,1076
585,77.8,0.08,1591,1019
586,77.6,0.09,1566,1002
587,78.3,0.09,1587,1007
588,77.3,0.09,1565,1008
589,77.3,0.11,1593,994
590,77.2,0.10,1565,1020
591,76.0,0.13,1589,1017
592,76.4,0.13,1593,1016
593,77.0,0.11,1601,1017
594,78.7,0.10,1577,1009
595,77.1,0.10,1569,1004
596,75.4,0.09,1587,1014
597,77.4,0.08,1562,1009
598,76.9,0.09,1576,1011
599,77.4,0.09,1569,1011
600,77.3,0.08,1589,1008
601,78.1,0.09,1565,1003
602,77.4,0.08,1574,1011
603,76.9,0.08,1552,1012
604,77.4,0.08,1558,1000
605,77.3,0.08,1580,1019
606,76.8,0.08,1579,1012
607,77.2,0.08,1567,1009
608,77.6,0.08,1570,1009
609,68.3,0.07,1411,969
610,29.1,0.08,678,753
611,26.5,0.08,587,732
612,79.7,0.36,2776,1163
613,88.5,0.26,2380,1277
614,78.2,0.09,1569,1005
615,76.0,0.10,1572,1000
616,77.9,0.09,1570,1013
617,78.3,0.10,1586,997
618,77.9,0.10,1567,1027
619,76.0,0.11,1626,1022
620,78.3,0.10,1575,1025
621,75.8,0.11,1597,1002
622,78.1,0.09,1580,1006
623,77.5,0.11,1582,1002
624,78.2,0.10,1563,1012
625,76.7,0.08,1585,1016
626,76.9,0.09,1564,1008
627,77.7,0.08,1576,1016
628,77.1,0.09,1598,1012
629,76.6,0.08,1574,1007
630,77.1,0.09,1561,1010
631,77.9,0.09,1584,1003
632,76.9,0.08,1558,1012
633,77.7,0.08,1555,999
634,77.2,0.08,1556,994
635,77.3,0.09,1562,999
636,76.8,0.08,1573,1013
637,78.1,0.08,1577,1018
638,72.0,0.07,1437,980
639,29.3,0.08,671,751
640,27.4,0.08,575,728
641,73.1,0.39,2448,1086
642,92.5,0.29,2648,1329
643,78.4,0.12,1579,1011
644,76.6,0.09,1600,1018
645,76.3,0.10,1553,1014
646,77.4,0.09,1572,1015
647,76.6,0.09,1574,1012
648,78.8,0.11,1661,1025
649,77.9,0.11,1596,1014
650,76.3,0.11,1571,1016
651,76.5,0.10,1584,1010
652,77.2,0.12,1569,1005
653,75.8,0.10,1596,1015
654,77.7,0.10,1579,1022
655,78.2,0.10,1583,1009
656,76.3,0.09,1578,1002
657,78.6,0.10,1577,1020
658,77.7,0.10,1589,1019
659,76.5,0.10,1575,1026
660,76.1,0.09,1592,1013
661,77.6,0.08,1566,1018
662,76.4,0.08,1560,1004
663,77.7,0.08,1571,1005
664,76.7,0.08,1553,1014
665,78.0,0.09,1586,1011
666,76.6,0.09,1562,1008
667,71.0,0.09,1484,993
668,33.8,0.09,820,790
669,35.0,0.08,878,802
670,73.3,0.24,2258,1095
671,84.4,0.21,2388,1221
672,78.5,0.09,1598,1003
673,79.2,0.10,1579,1026
674,76.3,0.09,1560,1007
675,78.1,0.11,1606,1020
676,78.7,0.11,1636,1007
677,75.8,0.14,1543,1006
678,77.1,0.14,1578,1050
679,78.0,0.14,1608,1002
680,78.5,0.11,1584,997
681,77.6,0.10,1569,1011
682,79.0,0.11,1589,1018
683,78.1,0.09,1568,1010
684,77.3,0.10,1564,1016
685,76.7,0.11,1591,1002
686,78.1,0.10,1583,1027
687,76.5,0.10,1582,1011
688,79.6,0.09,1586,1020
689,77.6,0.10,1574,1013
690,77.9,0.09,1559,1009
691,77.6,0.08,1562,1013
692,76.4,0.09,1578,1014
693,76.3,0.09,1580,1004
694,77.3,0.09,1572,1022
695,79.1,0.09,1584,1014
696,70.0,0.09,1367,969
697,28.2,0.09,657,745
698,26.2,0.08,581,729
699,57.3,0.29,1885,961
700,93.9,0.32,3070,1376
701,83.7,0.16,1853,1112
702,76.9,0.12,1554,1022
703,76.7,0.11,1592,1000
704,78.6,0.10,1604,1020
705,76.0,0.11,1599,1019
706,76.2,0.11,1509,1014
707,78.2,0.12,1670,1022
708,76.6,0.11,1575,1014
709,77.6,0.11,1599,1014
710,77.8,0.10,1571,1014
711,78.6,0.11,1580,1002
712,77.5,0.09,1567,1026
713,77.1,0.10,1589,1007
714,77.3,0.10,1574,1005
715,74.5,0.09,1561,999
716,76.3,0.09,1586,1027
717,76.9,0.09,1565,1006
718,77.7,0.09,1549,1019
719,77.5,0.08,1581,1010
720,78.0,0.08,1577,1007
721,78.9,0.08,1580,1020
722,77.4,0.09,1557,1011
723,77.1,0.09,1574,1016
724,77.7,0.09,1582,1018
725,70.8,0.09,1465,977
726,41.8,0.09,1090,852
727,49.5,0.09,1388,923
728,65.6,0.15,1906,1033
729,82.3,0.13,1975,1110
730,76.3,0.10,1542,1013
731,79.6,0.09,1611,1017
732,76.7,0.10,1579,1007
733,77.9,0.10,1589,1008
734,78.6,0.11,1562,1007
735,77.1,0.11,1627,1028
736,77.9,0.11,1611,1027
737,77.5,0.10,1574,1007
738,77.2,0.10,1581,1012
739,77.6,0.10,1589,1021
740,78.2,0.10,1586,1013
741,75.6,0.10,1577,1018
742,78.7,0.10,1580,999
743,78.4,0.09,1578,1005
744,77.7,0.09,1583,1021
745,77.8,0.09,1592,1020
746,76.5,0.09,1549,1013
747,76.7,0.08,1556,999
748,76.9,0.08,1573,1004
749,77.5,0.09,1559,1009
750,77.3,0.09,1576,1013
751,76.7,0.09,1587,1014
752,77.3,0.12,1560,999
753,77.6,0.09,1578,1024
754,67.5,0.08,1393,962
755,30.3,0.09,697,759
756,35.9,0.09,936,816
757,53.0,0.15,1526,953
758,93.8,0.32,3150,1311
759,81.8,0.18,1697,1094
760,79.1,0.10,1579,1016
761,75.3,0.13,1556,987
762,78.8,0.11,1666,1058
763,78.3,0.11,1603,993
764,76.1,0.11,1533,1031
765,78.5,0.10,1644,1032
766,75.9,0.10,1608,1014
767,76.9,0.09,1584,1023
768,75.9,0.10,1577,1009
769,76.9,0.09,1588,1009
770,76.5,0.10,1583,1020
771,75.5,0.09,1570,1003
772,78.0,0.08,1576,1005
773,74.7,0.08,1565,1019
774,76.4,0.09,1563,1015
775,76.1,0.09,1572,1008
776,77.1,0.08,1555,1000
777,77.5,0.09,1591,1015
778,78.0,0.09,1571,1014
779,77.3,0.09,1583,1006
780,76.0,0.08,1551,1006
781,76.4,0.10,1578,1013
782,76.9,0.09,1579,1014
783,65.1,0.09,1327,947
784,31.4,0.08,745,769
785,37.1,0.08,970,823
786,35.2,0.09,911,811
787,80.1,0.34,2575,1079
788,92.7,0.30,2737,1380
789,80.6,0.21,1587,1050
790,55.9,0.19,1295,910
791,72.3,0.18,1981,1081
792,77.9,0.10,1603,1038
793,77.1,0.12,1590,1014
794,77.8,0.11,1585,1017
795,78.0,0.10,1583,1014
796,78.0,0.09,1581,1015
797,77.5,0.09,1590,1016
798,78.3,0.09,1581,1013
799,78.4,0.08,1564,1009
800,76.0,0.10,1566,999
801,77.0,0.09,1598,1019
802,77.8,0.09,1572,1019
803,77.8,0.09,1560,1026
804,76.7,0.08,1550,1009
805,78.7,0.08,1588,1012
806,77.2,0.09,1591,1007
807,79.6,0.08,1568,1018
808,76.2,0.09,1564,1005
809,78.5,0.09,1566,1009
810,77.5,0.09,1549,1001
811,77.3,0.09,1599,1010
812,66.1,0.10,1411,981
813,36.8,0.09,911,805
814,33.2,0.09,810,788
815,42.4,0.12,1127,865
816,91.8,0.35,3123,1293
817,85.1,0.21,2031,1157
818,76.7,0.12,1615,1000
819,75.4,0.11,1574,1035
820,76.0,0.11,1592,1016
821,78.6,0.12,1577,1020
822,77.0,0.10,1604,1014
823,77.1,0.10,1593,1016
824,77.8,0.10,1585,1013
825,77.3,0.10,1585,1014
826,77.7,0.09,1568,1015
827,78.4,0.09,1560,1010
828,76.9,0.11,1586,1007
829,79.0,0.09,1575,1008
830,78.1,0.08,1585,1021
831,77.2,0.08,1560,1008
832,76.6,0.08,1563,1008
833,77.8,0.08,1566,1020
834,78.4,0.08,1585,1014
835,78.2,0.09,1593,1010
836,76.5,0.09,1564,1010
837,77.9,0.09,1580,1009
838,77.7,0.09,1537,1012
839,77.1,0.10,1608,1009
840,77.0,0.09,1590,1026
841,61.6,0.08,1302,935
842,33.8,0.09,799,783
843,34.9,0.08,847,793
844,40.7,0.10,1116,859
845,80.1,0.36,2699,1142
846,92.2,0.30,2611,1315
847,77.8,0.15,1643,1021
848,79.1,0.10,1590,1035
849,78.0,0.10,1600,1013
850,77.7,0.12,1565,1001
851,74.7,0.10,1583,1017
852,75.2,0.10,1571,1011
853,77.6,0.09,1564,1004
854,79.0,0.09,1576,1005
855,77.2,0.09,1582,1015
856,77.2,0.09,1567,1013
857,77.3,0.09,1579,1003
858,77.1,0.10,1590,1017
859,78.0,0.09,1571,1036
860,76.4,0.09,1559,1005
861,76.6,0.09,1558,1013
862,76.4,0.08,1583,1008
863,77.8,0.09,1570,1004
864,76.9,0.09,1483,1013
865,76.9,0.14,1591,1042
866,77.5,0.10,1593,1030
867,77.4,0.10,1580,1033
868,78.6,0.10,1600,1031
869,77.2,0.10,1564,1020
870,62.5,0.12,1353,956
871,31.5,0.11,813,786
872,32.8,0.11,818,785
873,37.6,0.15,1040,844
874,80.0,0.45,2680,1131
875,92.6,0.34,2691,1348
876,79.2,0.19,1689,1021
877,76.1,0.13,1569,1021
878,75.9,0.13,1599,1036
879,78.5,0.15,1662,1057
880,75.7,0.12,1525,1017
881,76.5,0.13,1680,1029
882,74.6,0.12,1566,1024
883,74.3,0.12,1547,1010
884,77.6,0.11,1620,1021
885,74.2,0.12,1542,1020
886,77.3,0.11,1611,1012
887,77.9,0.11,1571,1007
888,75.8,0.12,1560,1022
889,75.9,0.11,1567,1020
890,75.4,0.11,1570,1020
891,77.5,0.10,1582,1012
892,77.2,0.10,1575,1015
893,77.8,0.10,1594,1023
894,60.4,0.14,1221,943
895,81.9,0.10,1952,1068
896,77.5,0.10,1584,1032
897,78.7,0.10,1589,1023
898,76.4,0.10,1544,1009
899,57.7,0.10,1211,916
900,31.6,0.09,790,777
901,27.1,0.09,637,744
902,28.3,0.09,669,751
903,75.6,0.30,2513,1121
904,94.4,0.37,3069,1344
905,86.7,0.22,2153,1180
906,78.5,0.14,1578,1024
907,76.5,0.11,1569,1002
908,78.1,0.11,1584,1021
909,77.3,0.14,1591,1027
910,77.7,0.11,1577,1021
911,77.6,0.09,1592,1012
912,78.4,0.11,1580,1013
913,77.2,0.10,1569,1027
914,78.7,0.10,1597,1018
915,78.0,0.09,1575,1016
916,76.5,0.10,1547,1013
917,78.9,0.09,1580,1018
918,76.7,0.09,1544,1010
919,77.7,0.10,1580,1016
920,77.2,0.11,1604,1015
921,79.3,0.10,1591,1022
922,78.9,0.10,1579,1024
923,76.9,0.11,1552,1011
924,79.7,0.10,1614,1019
925,76.9,0.10,1579,1018
926,77.2,0.10,1564,1020
927,77.9,0.11,1600,1022
928,61.5,0.11,1325,939
929,45.2,0.11,1238,884
930,44.8,0.09,1194,879
931,41.9,0.10,1145,869
932,86.1,0.41,2637,1159
933,84.2,0.24,1941,1157
934,78.7,0.11,1575,1012
935,77.8,0.11,1580,1018
936,80.0,0.11,1579,1026
937,78.5,0.10,1591,1019
938,76.6,0.11,1568,1013
939,75.9,0.12,1577,1032
940,78.4,0.11,1601,1004
941,76.3,0.10,1558,1021
942,77.6,0.10,1605,1031
943,76.7,0.11,1541,1013
944,76.8,0.10,1583,1028
945,78.2,0.10,1583,1018
946,78.5,0.09,1579,1011
947,78.0,0.09,1569,1021
948,76.5,0.10,1598,1031
949,78.5,0.10,1577,1012
950,78.4,0.10,1585,1025
951,79.1,0.10,1565,1011
952,78.6,0.09,1599,1016
953,77.4,0.10,1581,1005
954,78.1,0.10,1556,1021
955,78.4,0.10,1568,1009
956,77.8,0.10,1587,1016
957,56.5,0.10,1199,918
958,31.0,0.09,747,767
959,35.6,0.09,963,822
960,35.2,0.09,925,814
961,62.4,0.20,1956,1015
962,92.8,0.33,3085,1310
963,87.5,0.20,2161,1216
964,78.8,0.11,1585,1015
965,77.9,0.12,1574,1011
966,78.3,0.10,1576,1017
967,77.6,0.11,1587,1021
968,77.9,0.10,1578,1001
969,78.3,0.10,1572,1019
970,78.1,0.10,1580,1010
971,77.3,0.10,1557,1008
972,77.1,0.10,1566,1013
973,77.9,0.09,1587,1013
974,76.9,0.11,1569,990
975,78.7,0.10,1584,1005
976,77.7,0.09,1490,1008
977,78.5,0.10,1659,1017
978,80.4,0.09,1580,1008
979,76.7,0.10,1566,1015
980,76.7,0.10,1576,1017
981,79.0,0.10,1583,999
982,77.7,0.09,1590,1010
983,78.2,0.09,1581,1015
984,77.3,0.09,1564,1003
985,77.6,0.10,1569,1011
986,55.7,0.08,1127,890
987,31.1,0.07,706,758
988,26.4,0.07,559,723
989,27.0,0.07,604,734
990,47.0,0.14,1343,903
991,92.9,0.34,3264,1279
992,93.4,0.31,2946,1364
993,84.2,0.19,1941,1124
994,77.4,0.10,1584,1010
995,78.5,0.09,1576,1012
996,77.2,0.09,1578,1008
997,75.8,0.10,1585,1000
998,78.3,0.10,1567,1007
999,78.2,0.09,1560,1018
1000,78.0,0.09,1583,1004
1001,78.8,0.09,1584,1005
1002,76.4,0.09,1567,1007
1003,77.9,0.10,1566,1005
1004,76.5,0.09,1581,1008
1005,77.8,0.10,1579,1012
1006,75.8,0.09,1595,1010
1007,77.2,0.10,1582,1014
1008,76.8,0.10,1557,1008
1009,77.5,0.09,1591,1003
1010,77.6,0.09,1569,1019
1011,76.3,0.10,1574,994
1012,77.9,0.10,1579,1010
1013,78.2,0.09,1587,1018
1014,78.1,0.10,1575,1016
1015,61.3,0.08,1266,914
1016,41.9,0.08,1058,842
1017,46.0,0.08,1252,893
1018,37.9,0.08,897,806
1019,58.9,0.15,1657,980
1020,92.1,0.30,3043,1267
1021,81.6,0.15,1746,1107
1022,74.8,0.10,1576,992
1023,75.5,0.10,1581,1009
1024,75.7,0.09,1560,989
1025,77.5,0.09,1558,1004
1026,77.4,0.09,1585,1001
1027,77.7,0.09,1554,997
1028,76.3,0.10,1569,1008
1029,75.8,0.10,1553,995
1030,77.0,0.09,1585,1021
1031,77.3,0.09,1583,1003
1032,76.0,0.09,1568,995
1033,75.9,0.10,1594,1006
1034,77.7,0.10,1549,1015
1035,77.8,0.09,1592,995
1036,76.1,0.10,1551,992
1037,77.4,0.09,1583,1008
1038,75.3,0.10,1565,1011
1039,76.0,0.09,1583,1008
1040,76.4,0.10,1579,1000
1041,76.1,0.10,1578,997
1042,74.7,0.09,1556,999
1043,77.2,0.10,1571,1001
1044,70.4,0.08,1559,1002
1045,61.0,0.08,1570,975
1046,56.2,0.09,1449,942
1047,54.6,0.08,1373,919
1048,61.6,0.09,1633,983
1049,78.1,0.10,1784,1032
1050,76.2,0.10,1568,1008
1051,78.0,0.09,1570,999
1052,77.3,0.09,1564,1018
1053,77.0,0.10,1574,992
1054,75.4,0.09,1597,1015
1055,75.8,0.09,1594,1014
1056,77.5,0.10,1579,1009
1057,77.6,0.10,1565,1011
1058,77.9,0.10,1573,1000
1059,77.4,0.10,1586,1015
1060,77.3,0.10,1586,1018
1061,75.3,0.09,1582,1007
1062,76.4,0.10,1563,1000
1063,76.3,0.10,1573,1000
1064,76.1,0.10,1580,1011
1065,75.6,0.10,1571,1003
1066,77.4,0.09,1568,1003
1067,76.3,0.09,1587,1003
1068,77.6,0.09,1553,1002
1069,77.6,0.09,1572,1006
1070,76.3,0.10,1594,1007
1071,77.2,0.09,1578,1011
1072,77.0,0.10,1576,1011
1073,77.4,0.10,1570,999
1074,70.2,0.08,1549,1008
1075,56.0,0.08,1410,931
1076,43.3,0.08,1065,849
1077,48.8,0.07,1235,890
1078,52.6,0.11,1379,914
1079,88.5,0.26,2681,1234
1080,78.6,0.10,1638,1037
1081,77.1,0.10,1565,999
1082,77.3,0.09,1566,1005
1083,77.4,0.09,1589,998
1084,77.0,0.10,1567,1008
1085,76.3,0.10,1577,1002
1086,75.7,0.09,1560,1003
1087,77.4,0.09,1586,1017
1088,76.6,0.10,1580,1001
1089,77.7,0.10,1577,1014
1090,76.4,0.10,1591,1002
1091,78.2,0.09,1574,1008
1092,75.9,0.09,1575,1010
1093,76.2,0.09,1567,997
1094,75.8,0.09,1583,1018
1095,75.9,0.09,1565,1006
1096,76.8,0.10,1575,1007
1097,77.7,0.09,1591,1014
1098,76.6,0.09,1582,993
1099,75.8,0.09,1561,1002
1100,76.8,0.09,1574,1004
1101,76.6,0.09,1575,1008
1102,75.6,0.09,1571,997
1103,76.6,0.10,1580,1013
1104,57.3,0.08,1277,922
1105,50.1,0.08,1265,900
1106,42.4,0.08,1024,837
1107,47.4,0.09,1232,889
1108,68.1,0.15,2014,1060
1109,88.8,0.23,2565,1227
1110,76.9,0.09,1577,1012
1111,75.7,0.10,1565,1010
1112,78.1,0.09,1587,991
1113,76.5,0.09,1568,1010
1114,77.2,0.09,1578,1002
1115,76.7,0.09,1562,1005
1116,75.9,0.10,1583,1017
1117,75.9,0.09,1560,1000
1118,76.9,0.09,1589,1000
1119,75.9,0.09,1572,1004
1120,77.3,0.09,1573,1000
1121,77.0,0.09,1589,1018
1122,77.1,0.08,1573,1009
1123,75.3,0.09,1565,1009
1124,75.9,0.09,1581,991
1125,75.3,0.09,1585,1014
1126,77.0,0.09,1584,1001
1127,76.6,0.09,1560,1009
1128,77.2,0.09,1591,1003
1129,77.4,0.09,1575,1017
1130,76.7,0.09,1588,1010
1131,77.6,0.09,1572,1007
1132,76.9,0.09,1575,993
1133,58.3,0.08,1302,931
1134,52.1,0.08,1342,916
1135,46.4,0.09,1140,860
1136,57.1,0.08,1535,968
1137,76.7,0.22,2227,1105
1138,80.9,0.10,1803,1075
1139,76.2,0.09,1573,1000
1140,75.2,0.10,1574,1014
1141,77.1,0.09,1575,1004
1142,78.6,0.09,1581,1002
1143,76.5,0.10,1562,999
1144,76.7,0.10,1593,1012
1145,76.1,0.09,1572,1014
1146,75.8,0.09,1582,1003
1147,76.6,0.09,1579,996
1148,77.8,0.09,1570,1012
1149,77.3,0.09,1575,1001
1150,74.4,0.10,1567,1010
1151,77.7,0.10,1568,1005
1152,75.5,0.09,1580,995
1153,76.5,0.09,1563,1003
1154,77.1,0.09,1583,1007
1155,77.5,0.09,1562,1011
1156,77.6,0.09,1577,996
1157,77.3,0.10,1582,1000
1158,77.1,0.09,1566,1017
1159,76.7,0.09,1565,996
1160,76.7,0.09,1590,1018
1161,77.2,0.09,1579,995
1162,67.8,0.08,1573,1000
1163,60.3,0.08,1549,966
1164,42.8,0.08,1047,844
1165,40.2,0.08,992,834
1166,64.7,0.18,1883,1046
1167,84.6,0.26,2332,1164
1168,77.4,0.10,1579,997
1169,76.4,0.09,1566,1011
1170,76.5,0.10,1578,1005
1171,76.3,0.10,1558,1014
1172,76.7,0.10,1586,986
1173,75.8,0.10,1577,1001
1174,76.3,0.09,1565,1009
1175,77.1,0.09,1572,993
1176,76.9,0.09,1556,1006
1177,76.7,0.10,1572,1007
1178,76.5,0.10,1566,992
1179,77.0,0.09,1571,1012
1180,77.2,0.10,1578,1001
1181,77.9,0.09,1580,1015
1182,77.3,0.10,1575,999
1183,75.9,0.10,1574,1003
1184,78.6,0.11,1559,1000
1185,77.9,0.10,1576,1013
1186,78.1,0.09,1583,995
1187,77.5,0.09,1575,1004
1188,76.6,0.09,1550,1000
1189,75.5,0.09,1590,1004
1190,77.1,0.10,1574,1010
1191,75.1,0.10,1577,1015
1192,75.4,0.09,1589,1001
1193,29.6,0.08,617,746
1194,29.3,0.07,648,746
1195,27.1,0.07,597,733
1196,26.9,0.07,569,726
1197,72.1,0.30,2220,1045
1198,91.8,0.40,3082,1345
1199,93.2,0.31,2890,1311
1200,83.3,0.17,1835,1099
1201,78.0,0.09,1590,1025
1202,78.3,0.09,1578,1008
1203,75.9,0.10,1562,999
1204,77.2,0.10,1594,1021
1205,76.7,0.11,1586,998
1206,77.6,0.10,1580,1018
1207,78.4,0.09,1578,1005
1208,77.5,0.09,1571,997
1209,78.7,0.09,1561,1010
1210,77.4,0.11,1580,1004
1211,77.7,0.09,1577,1010
1212,77.0,0.09,1567,1002
1213,76.4,0.09,1580,1003
1214,75.6,0.10,1553,992
1215,77.4,0.09,1588,1021
1216,77.0,0.09,1578,998
1217,77.5,0.09,1566,1002
1218,76.3,0.10,1568,997
1219,78.3,0.10,1571,1020
1220,76.1,0.09,1571,998
1221,74.8,0.09,1519,1001
1222,44.9,0.09,1119,864
1223,46.9,0.09,1174,871
1224,42.2,0.08,1025,837
1225,55.6,0.14,1596,948
1226,85.5,0.29,2642,1191
1227,84.0,0.16,1842,1120
1228,76.7,0.10,1601,1026
1229,77.8,0.10,1586,1005
1230,76.6,0.11,1578,1003
1231,77.9,0.10,1582,1021
1232,76.7,0.10,1563,995
1233,77.5,0.10,1589,1011
1234,77.5,0.10,1562,1007
1235,76.3,0.10,1576,1001
1236,77.5,0.10,1578,1022
1237,76.6,0.10,1575,998
1238,78.1,0.10,1582,1016
1239,78.8,0.10,1584,998
1240,77.2,0.09,1575,1008
1241,76.0,0.09,1572,1003
1242,78.0,0.09,1582,1021
1243,76.9,0.10,1567,1004
1244,76.6,0.10,1588,1015
1245,77.0,0.10,1591,1007
1246,76.3,0.11,1565,1018
1247,76.3,0.10,1580,991
1248,78.0,0.09,1580,1013
1249,77.4,0.11,1581,1002
1250,71.8,0.08,1477,1001
1251,35.8,0.08,814,787
1252,34.5,0.07,792,784
1253,33.8,0.08,804,784
1254,39.8,0.08,1001,831
1255,74.0,0.36,2376,1059
1256,93.8,0.32,2978,1347
1257,85.2,0.26,2240,1205
1258,78.1,0.10,1606,1005
1259,77.3,0.10,1584,1018
1260,77.0,0.09,1575,1005
1261,76.2,0.10,1575,998
1262,76.7,0.10,1560,1006
1263,76.7,0.09,1573,1002
1264,77.5,0.09,1574,1000
1265,78.0,0.10,1580,1028
1266,77.3,0.10,1574,994
1267,75.7,0.09,1586,1006
1268,79.4,0.09,1563,1014
1269,76.3,0.10,1582,998
1270,77.1,0.10,1565,1001
1271,77.6,0.10,1581,1003
1272,76.5,0.10,1563,1014
1273,77.9,0.09,1588,1008
1274,76.3,0.10,1585,1010
1275,76.4,0.10,1571,1005
1276,77.2,0.10,1584,1013
1277,78.2,0.10,1588,999
1278,76.8,0.11,1563,1014
1279,70.7,0.08,1476,983
1280,35.9,0.08,831,791
1281,33.3,0.08,773,779
1282,34.1,0.08,791,783
1283,40.9,0.09,1049,844
1284,76.9,0.37,2484,1105
1285,91.7,0.40,2886,1293
1286,87.5,0.24,2223,1228
1287,78.5,0.10,1587,1006
1288,74.9,0.10,1578,998
1289,76.6,0.10,1563,1003
1290,76.3,0.10,1585,1008
1291,77.8,0.10,1554,1011
1292,77.8,0.10,1591,1014
1293,77.2,0.09,1580,1006
1294,77.2,0.10,1572,999
1295,77.2,0.09,1586,1008
1296,77.2,0.09,1558,1017
1297,76.6,0.09,1595,1007
1298,77.5,0.09,1579,1003
1299,77.0,0.09,1573,1006
1300,77.9,0.09,1569,1016
1301,76.7,0.10,1577,995
1302,78.7,0.10,1558,1013
1303,76.8,0.09,1602,1017
1304,76.1,0.10,1578,1003
1305,77.4,0.11,1581,1003
1306,77.7,0.09,1570,1021
1307,77.9,0.09,1586,1001
1308,72.6,0.08,1517,990
1309,49.5,0.08,1264,898
1310,49.8,0.08,1256,895
1311,51.1,0.09,1370,919
1312,52.9,0.08,1413,933
1313,76.1,0.26,2384,1116
1314,79.0,0.11,1717,1079
1315,76.7,0.09,1569,1009
1316,76.5,0.10,1575,1004
1317,77.6,0.10,1588,1002
1318,74.6,0.09,1563,1004
1319,75.8,0.09,1570,1011
1320,77.1,0.09,1567,1002
1321,76.6,0.09,1579,998
1322,78.3,0.10,1565,1006
1323,76.5,0.10,1564,1000
1324,75.8,0.09,1571,997
1325,77.2,0.10,1607,1031
1326,77.6,0.10,1570,1007
1327,74.7,0.09,1583,1008
1328,77.4,0.09,1584,1008
1329,74.6,0.09,1569,997
1330,76.0,0.09,1570,1009
1331,75.7,0.10,1575,1001
1332,77.0,0.10,1562,1009
1333,76.4,0.09,1591,1011
1334,77.5,0.09,1571,1007
1335,76.2,0.09,1590,999
1336,76.9,0.09,1569,1007
1337,73.5,0.08,1532,997
1338,51.2,0.08,1316,911
1339,52.2,0.08,1309,908
1340,57.1,0.08,1530,959
1341,56.9,0.08,1514,958
1342,73.9,0.20,2145,1098
1343,76.6,0.10,1601,1011
1344,76.3,0.10,1574,1016
1345,76.5,0.10,1587,1007
1346,77.3,0.09,1572,1017
1347,75.4,0.10,1571,1005
1348,75.7,0.10,1603,1020
1349,77.0,0.09,1574,1004
1350,76.7,0.10,1570,1005
1351,77.3,0.09,1586,1007
1352,77.1,0.09,1569,1005
1353,75.8,0.09,1566,1008
1354,74.9,0.09,1584,1003
1355,76.3,0.09,1576,1010
1356,77.2,0.10,1580,1000
1357,78.2,0.09,1564,1018
1358,77.6,0.09,1585,997
1359,76.0,0.09,1584,1007
1360,77.2,0.09,1571,1012
1361,76.3,0.10,1577,1016
1362,75.6,0.09,1573,999
1363,77.6,0.09,1577,998
1364,76.9,0.09,1575,1016
1365,76.8,0.09,1578,1000
1366,71.1,0.08,1489,986
1367,44.3,0.09,1090,855
1368,45.6,0.08,1148,867
1369,41.4,0.08,1017,836
1370,53.7,0.09,1523,956
1371,86.9,0.26,2866,1223
1372,79.8,0.12,1800,1103
1373,76.7,0.09,1570,1013
1374,76.0,0.09,1576,1015
1375,77.2,0.09,1574,999
1376,76.1,0.10,1575,1003
1377,77.4,0.09,1572,1018
1378,77.0,0.09,1569,1014
1379,76.3,0.09,1592,995
1380,76.7,0.10,1572,1012
1381,76.4,0.11,1567,1005
1382,77.4,0.09,1590,1011
1383,76.2,0.09,1574,998
1384,76.1,0.09,1574,1012
1385,77.6,0.09,1585,1003
1386,77.5,0.09,1560,1003
1387,75.0,0.09,1572,998
1388,76.6,0.09,1583,1010
1389,76.7,0.09,1566,996
1390,75.9,0.09,1568,1000
1391,78.1,0.09,1568,1011
1392,77.2,0.10,1560,1000
1393,78.3,0.09,1581,1011
1394,77.9,0.09,1581,997
1395,72.4,0.08,1466,989
1396,34.0,0.08,807,786
1397,32.5,0.07,769,777
1398,36.0,0.08,878,800
1399,39.8,0.09,1026,843
1400,83.6,0.32,2755,1179
1401,92.3,0.30,2937,1343
1402,81.2,0.16,1865,1095
1403,77.3,0.10,1553,1004
1404,78.0,0.09,1591,1007
1405,76.9,0.10,1569,1002
1406,77.9,0.09,1571,1002
1407,76.7,0.10,1568,1015
1408,76.0,0.10,1588,1000
1409,75.9,0.11,1577,1008
1410,78.1,0.09,1595,1016
1411,75.6,0.09,1575,1007
1412,76.0,0.09,1555,1017
1413,76.1,0.09,1589,1000
1414,77.0,0.09,1573,1001
1415,75.5,0.11,1584,1001
1416,77.3,0.10,1589,1030
1417,76.8,0.09,1556,1002
1418,76.7,0.09,1588,1004
1419,76.4,0.12,1576,999
1420,77.5,0.09,1570,1020
1421,75.3,0.10,1582,1013
1422,77.0,0.11,1580,1011
1423,76.6,0.10,1584,993
1424,73.4,0.08,1504,1003
1425,49.6,0.08,1260,896
1426,49.2,0.08,1255,893
1427,46.1,0.08,1156,873
1428,60.6,0.09,1757,1007
1429,73.3,0.27,2265,1096
1430,80.0,0.13,1725,1086
1431,76.8,0.09,1572,1002
1432,76.6,0.09,1585,1004
1433,76.8,0.10,1572,997
1434,76.9,0.10,1566,1001
1435,75.6,0.10,1575,1011
1436,76.8,0.09,1584,1012
1437,76.9,0.09,1563,1006
1438,75.4,0.10,1569,1001
1439,76.7,0.09,1576,997
1440,76.4,0.09,1569,1014
1441,77.1,0.09,1579,999
1442,77.6,0.10,1563,1004
1443,76.7,0.09,1582,1008
1444,77.6,0.09,1569,1005
1445,77.5,0.09,1581,1008
1446,76.8,0.09,1570,1002
1447,76.8,0.09,1570,1009
1448,76.9,0.09,1567,998
1449,77.6,0.10,1582,1011
1450,76.1,0.10,1569,1010
1451,77.1,0.09,1586,1013
1452,76.3,0.09,1590,996
1453,72.4,0.08,1498,994
1454,43.5,0.08,1036,846
1455,41.6,0.08,1024,838
1456,43.0,0.08,1043,844
1457,57.0,0.08,1610,975
1458,84.2,0.26,2745,1211
1459,82.7,0.15,1966,1121
1460,75.9,0.10,1559,1000
1461,76.0,0.11,1572,1000
1462,75.7,0.10,1573,1009
1463,76.8,0.09,1580,1001
1464,76.6,0.09,1570,1020
1465,75.9,0.09,1577,992
1466,75.6,0.09,1572,1004
1467,76.3,0.09,1562,1002
1468,76.8,0.09,1582,1019
1469,76.8,0.10,1577,995
1470,76.1,0.09,1584,1001
1471,76.4,0.09,1571,1009
1472,75.8,0.09,1582,1007
1473,77.8,0.09,1565,1016
1474,77.1,0.09,1574,997
1475,77.3,0.09,1589,1015
1476,75.0,0.09,1559,998
1477,76.0,0.09,1588,1003
1478,77.2,0.09,1564,1009
1479,77.1,0.09,1570,1002
1480,76.2,0.09,1596,999
1481,76.0,0.09,1566,1014
1482,77.0,0.08,1574,1007
1483,59.6,0.08,1532,963
1484,54.1,0.08,1404,934
1485,50.4,0.08,1285,900
1486,57.4,0.08,1546,966
1487,72.5,0.14,2000,1058
1488,75.6,0.09,1579,1016
1489,76.5,0.10,1584,1003
1490,76.7,0.10,1586,1004
1491,76.7,0.09,1564,1005
1492,76.0,0.09,1574,999
1493,77.1,0.09,1571,1008
1494,76.7,0.09,1579,1013
1495,77.0,0.09,1575,998
1496,77.7,0.09,1570,1008
1497,78.0,0.09,1569,994
1498,78.2,0.09,1576,1006
1499,76.5,0.10,1558,1013
1500,77.2,0.08,1584,1004
1501,76.5,0.09,1571,1000
1502,76.4,0.09,1578,1008
1503,76.9,0.09,1577,999
1504,75.9,0.09,1574,1006
1505,77.8,0.10,1572,1000
1506,75.9,0.10,1572,1021
1507,77.2,0.09,1570,1000
1508,76.8,0.10,1597,1004
1509,76.5,0.09,1554,999
1510,75.7,0.10,1576,994
1511,77.5,0.09,1570,1013
1512,76.9,0.09,1573,1012
1513,47.4,0.08,1094,865
1514,59.9,0.08,1601,976
1515,53.5,0.08,1393,932
1516,51.9,0.09,1343,914
1517,67.7,0.13,1909,1026
1518,83.3,0.14,2017,1122
1519,77.4,0.10,1586,999
1520,77.5,0.10,1564,1019
1521,75.3,0.09,1581,990
1522,76.7,0.10,1563,1011
1523,76.1,0.10,1575,998
1524,77.7,0.09,1564,1004
1525,79.4,0.09,1586,1014
1526,77.1,0.09,1568,1003
1527,77.2,0.10,1569,1009
1528,76.8,0.10,1581,1007
1529,75.2,0.10,1576,1006
1530,76.6,0.10,1584,1000
1531,75.9,0.09,1575,1008
1532,77.6,0.09,1576,1010
1533,77.0,0.09,1576,1015
1534,77.8,0.09,1566,1003
1535,78.6,0.09,1597,1011
1536,76.2,0.10,1584,1000
1537,76.1,0.09,1573,1006
1538,76.2,0.09,1569,1009
1539,76.9,0.09,1562,1006
1540,77.2,0.09,1583,1006
1541,77.7,0.09,1566,993
1542,51.2,0.08,1210,902
1543,42.8,0.08,1066,849
1544,47.0,0.08,1242,891
1545,50.8,0.08,1353,917
1546,62.6,0.27,1906,981
1547,91.9,0.25,2576,1284
1548,77.4,0.10,1607,1019
1549,75.7,0.10,1570,1003
1550,75.8,0.09,1570,1004
1551,77.6,0.09,1562,1010
1552,76.4,0.09,1595,1002
1553,78.6,0.09,1589,1007
1554,77.6,0.10,1564,1009
1555,76.9,0.09,1593,1001
1556,75.4,0.09,1563,1008
1557,76.3,0.09,1579,1003
1558,78.2,0.09,1570,1002
1559,77.5,0.09,1579,1005
1560,76.0,0.09,1581,1019
1561,76.4,0.10,1575,1001
1562,76.4,0.10,1569,1012
1563,77.2,0.09,1577,997
1564,78.0,0.09,1567,992
1565,76.0,0.10,1577,1008
1566,77.7,0.09,1563,1009
1567,77.0,0.09,1590,999
1568,75.8,0.09,1563,1008
1569,75.7,0.10,1578,1010
1570,77.7,0.09,1595,1007
1571,37.6,0.08,785,797
1572,30.4,0.07,633,745
1573,34.1,0.08,835,791
1574,33.7,0.08,824,787
1575,61.3,0.19,1767,991
1576,93.1,0.31,3139,1313
1577,91.8,0.29,2862,1318
1578,79.2,0.13,1641,1043
1579,76.2,0.10,1583,1009
1580,77.4,0.09,1570,1010
1581,77.2,0.09,1573,1000
1582,76.5,0.09,1566,1004
1583,76.1,0.09,1586,997
1584,75.5,0.10,1541,1000
1585,76.8,0.09,1566,996
1586,77.1,0.10,1568,1002
1587,78.0,0.10,1578,1002
1588,77.7,0.09,1561,1001
1589,78.5,0.09,1575,1003
1590,77.1,0.10,1581,1007
1591,75.7,0.10,1568,991
1592,77.5,0.09,1570,1011
1593,78.3,0.09,1563,1003
1594,77.8,0.09,1584,995
1595,77.1,0.09,1564,1013
1596,77.7,0.10,1570,1014
1597,77.7,0.10,1583,1002
1598,77.2,0.10,1587,1003
1599,77.0,0.09,1563,1019
1600,48.8,0.08,1124,875
1601,40.7,0.08,942,819
1602,36.8,0.08,876,803
1603,37.6,0.08,876,803
1604,58.2,0.29,1787,941
1605,94.9,0.33,3023,1366
1606,86.8,0.21,2324,1187
1607,76.6,0.10,1584,1009
1608,76.2,0.10,1560,996
1609,77.8,0.09,1593,1021
1610,77.1,0.10,1572,1006
1611,77.1,0.09,1574,1001
1612,78.7,0.10,1577,1010
1613,76.1,0.10,1578,1000
1614,77.1,0.10,1566,1005
1615,76.6,0.09,1580,1012
1616,77.7,0.09,1569,1011
1617,77.6,0.09,1579,996
1618,76.5,0.10,1579,1009
1619,75.4,0.10,1575,991
1620,76.9,0.09,1569,1005
1621,76.6,0.09,1575,1006
1622,79.2,0.09,1578,1011
1623,76.7,0.10,1582,999
1624,77.0,0.10,1581,1014
1625,74.8,0.10,1578,1000
1626,76.3,0.09,1570,1009
1627,76.4,0.10,1585,1003
1628,75.5,0.10,1566,1003
1629,39.9,0.08,849,816
1630,29.4,0.07,649,747
1631,33.5,0.08,864,798
1632,34.0,0.07,842,794
1633,62.4,0.21,1914,993
1634,92.9,0.31,2954,1284
1635,90.7,0.25,2808,1315
1636,77.4,0.11,1602,1038
1637,75.2,0.10,1575,1002
1638,77.3,0.10,1584,1011
1639,78.0,0.09,1588,1003
1640,77.0,0.09,1560,1014
1641,77.5,0.09,1583,995
1642,74.9,0.09,1569,1001
1643,77.7,0.09,1572,1001
1644,75.5,0.09,1566,1004
1645,76.4,0.09,1587,1013
1646,76.8,0.09,1590,1010
1647,76.9,0.10,1548,998
1648,78.9,0.09,1598,1008
1649,75.7,0.09,1565,996
1650,77.1,0.09,1563,1001
1651,74.5,0.09,1591,1010
1652,77.3,0.09,1580,1002
1653,78.0,0.09,1573,1009
1654,77.4,0.09,1570,1009
1655,77.5,0.09,1573,996
1656,76.7,0.10,1559,1006
1657,77.6,0.09,1588,1004
1658,37.0,0.08,731,778
1659,29.6,0.07,657,751
1660,26.4,0.07,517,713
1661,27.5,0.07,600,734
1662,51.4,0.38,1643,896
1663,93.1,0.39,3124,1373
1664,94.6,0.32,3094,1330
1665,86.9,0.23,2142,1203
1666,79.1,0.09,1584,1000
1667,77.2,0.09,1561,1009
1668,78.5,0.09,1578,1002
1669,77.2,0.11,1578,1005
1670,78.6,0.10,1577,1007
1671,77.5,0.09,1571,1013
1672,77.4,0.09,1579,1005
1673,77.8,0.10,1597,1013
1674,77.9,0.09,1577,1011
1675,77.8,0.10,1573,1009
1676,77.8,0.09,1583,997
1677,77.5,0.09,1568,1005
1678,76.0,0.10,1566,1009
1679,76.9,0.09,1585,1001
1680,78.9,0.09,1574,1019
1681,76.6,0.10,1579,1001
1682,77.8,0.10,1576,996
1683,77.4,0.10,1568,1013
1684,77.6,0.09,1578,1001
1685,77.3,0.10,1567,1013
1686,77.6,0.09,1582,1000
1687,34.7,0.08,719,781
1688,28.3,0.07,633,740
1689,26.1,0.08,538,720
1690,27.6,0.08,608,737
1691,48.6,0.17,1406,911
1692,92.3,0.37,3144,1271
1693,92.8,0.32,3042,1351
1694,89.5,0.26,2409,1251
1695,77.9,0.10,1568,1003
1696,79.1,0.09,1600,1023
1697,77.6,0.09,1571,1001
1698,76.2,0.10,1573,1004
1699,76.5,0.10,1568,1003
1700,79.0,0.09,1599,1015
1701,77.3,0.09,1551,1004
1702,76.1,0.10,1571,1002
1703,76.9,0.09,1581,999
1704,75.9,0.09,1587,1010
1705,76.7,0.10,1576,1012
1706,76.6,0.09,1575,1020
1707,76.7,0.10,1594,1001
1708,76.6,0.10,1588,1008
1709,77.5,0.10,1565,1003
1710,78.1,0.10,1575,1017
1711,76.7,0.10,1567,1010
1712,78.6,0.09,1585,1004
1713,78.4,0.10,1584,1007
1714,76.7,0.10,1575,997
1715,75.5,0.10,1564,1009
1716,61.9,0.09,1572,981
1717,47.2,0.08,1190,883
1718,49.0,0.08,1258,894
1719,48.5,0.09,1238,893
1720,77.2,0.17,2283,1109
1721,81.2,0.11,1822,1078
1722,76.9,0.09,1573,1010
1723,78.5,0.09,1588,1011
1724,77.0,0.10,1546,995
1725,78.4,0.09,1599,1011
1726,77.8,0.10,1569,1004
1727,77.6,0.10,1564,1001
1728,76.3,0.10,1576,1007
1729,77.4,0.09,1588,1010
1730,78.7,0.09,1573,1004
1731,77.8,0.10,1577,1002
1732,77.3,0.10,1578,1011
1733,77.8,0.09,1568,1007
1734,76.0,0.09,1564,999
1735,79.1,0.09,1582,1001
1736,78.1,0.09,1570,1011
1737,77.0,0.10,1571,1006
1738,77.7,0.09,1572,998
1739,77.1,0.09,1561,1011
1740,76.9,0.10,1579,996
1741,77.6,0.09,1551,1004
1742,76.5,0.09,1569,1001
1743,77.9,0.09,1578,991
1744,77.8,0.09,1571,1012
1745,75.0,0.09,1542,997
1746,52.3,0.09,1356,920
1747,53.0,0.08,1390,924
1748,51.7,0.09,1322,912
1749,54.4,0.09,1392,929
1750,83.2,0.13,2338,1149
1751,77.4,0.09,1588,1005
1752,77.9,0.09,1569,1006
1753,78.1,0.09,1571,1004
1754,77.6,0.09,1583,999
1755,77.4,0.09,1555,1009
1756,76.0,0.09,1583,1000
1757,76.1,0.10,1566,998
1758,75.9,0.09,1577,1010
1759,76.3,0.10,1569,1003
1760,76.2,0.10,1580,993
1761,76.8,0.10,1576,1014
1762,77.4,0.10,1563,992
1763,76.2,0.09,1573,1003
1764,76.4,0.10,1558,1000
1765,77.5,0.09,1589,1016
1766,76.5,0.09,1563,990
1767,78.1,0.09,1568,1016
1768,77.3,0.09,1576,998
1769,77.4,0.09,1578,1008
1770,77.9,0.09,1577,1005
1771,76.8,0.09,1574,997
1772,78.7,0.10,1570,1007
1773,77.2,0.09,1585,999
1774,74.0,0.08,1526,1005
1775,37.4,0.08,894,807
1776,37.5,0.07,868,798
1777,36.3,0.08,850,799
1778,38.3,0.09,909,812
1779,85.0,0.46,2618,1106
1780,92.2,0.42,2832,1334
1781,84.9,0.26,2037,1172
1782,78.4,0.11,1577,1006
1783,76.4,0.10,1580,1004
1784,77.3,0.10,1569,1005
1785,77.8,0.10,1573,1003
1786,76.1,0.10,1571,998
1787,76.8,0.10,1590,1004
1788,76.8,0.10,1551,995
1789,77.0,0.10,1562,994
1790,78.2,0.09,1580,1017
1791,75.5,0.10,1545,986
1792,79.2,0.10,1574,994
1793,77.7,0.10,1576,1025
1794,76.7,0.09,1588,1011
1795,78.2,0.09,1571,993
1796,78.2,0.11,1564,1004
1797,76.9,0.10,1568,1001
1798,77.1,0.10,1562,1013
1799,77.7,0.09,1582,999
1800,76.5,0.10,1568,1000
1801,77.1,0.10,1575,992
1802,77.9,0.10,1589,1020
1803,76.4,0.09,1551,1011
1804,43.9,0.08,1066,848
1805,42.3,0.08,999,837
1806,45.9,0.09,1217,885
1807,54.4,0.09,1497,949
1808,65.3,0.23,1973,1003
1809,89.9,0.26,2617,1291
1810,76.4,0.11,1591,1005
1811,76.5,0.10,1571,1007
1812,76.7,0.10,1592,1004
1813,76.8,0.10,1560,1000
1814,77.1,0.10,1585,1004
1815,77.8,0.10,1588,1030
1816,77.9,0.10,1569,1003
1817,78.0,0.10,1568,1003
1818,77.4,0.10,1574,1004
1819,77.9,0.09,1582,1005
1820,76.8,0.10,1573,1000
1821,77.6,0.11,1578,1011
1822,77.1,0.11,1576,1021
1823,77.2,0.10,1567,998
1824,76.4,0.10,1577,1003
1825,77.7,0.10,1575,1002
1826,76.9,0.12,1587,1008
1827,74.1,0.11,1570,987
1828,77.9,0.10,1578,1015
1829,76.1,0.10,1572,1006
1830,76.4,0.11,1570,1011
1831,76.9,0.09,1585,1005
1832,75.2,0.10,1512,995
1833,36.0,0.08,824,790
1834,34.0,0.08,770,777
1835,34.2,0.08,776,778
1836,40.4,0.08,1052,844
1837,72.2,0.35,2366,1092
1838,92.7,0.40,2801,1240
1839,86.8,0.31,2402,1271
1840,77.4,0.14,1591,1014
1841,78.0,0.10,1579,1013
1842,77.5,0.09,1572,1002
1843,77.5,0.10,1558,1004
1844,77.2,0.10,1592,1006
1845,76.5,0.10,1571,1002
1846,76.9,0.10,1579,997
1847,77.4,0.10,1574,1022
1848,77.1,0.10,1583,1003
1849,76.8,0.11,1583,1012
1850,77.1,0.10,1571,1013
1851,77.3,0.10,1594,993
1852,76.6,0.10,1568,1010
1853,77.1,0.09,1595,1011
1854,77.1,0.10,1574,1013
1855,78.0,0.10,1607,1014
1856,76.6,0.10,1571,1012
1857,77.8,0.10,1585,999
1858,76.4,0.10,1578,1011
1859,78.8,0.09,1573,1013
1860,75.8,0.09,1583,995
1861,73.5,0.09,1488,995
1862,41.3,0.08,979,828
1863,39.1,0.08,909,813
1864,37.9,0.08,868,800
1865,35.9,0.08,865,801
1866,71.1,0.34,2345,1050
1867,94.0,0.31,3007,1355
1868,85.6,0.22,2058,1176
1869,76.9,0.10,1586,1001
1870,77.4,0.09,1571,1005
1871,76.5,0.09,1561,1002
1872,78.4,0.10,1571,1002
1873,76.9,0.10,1578,1004
1874,78.2,0.09,1572,1006
1875,77.5,0.10,1574,993
1876,77.7,0.09,1569,1014
1877,76.7,0.09,1578,1004
1878,76.4,0.10,1580,1013
1879,77.1,0.10,1582,997
1880,76.6,0.10,1583,1012
1881,78.6,0.10,1578,1015
1882,77.9,0.09,1572,997
1883,76.3,0.09,1573,1005
1884,75.8,0.11,1575,996
1885,78.2,0.10,1584,1014
1886,75.9,0.10,1565,1002
1887,76.9,0.10,1577,1000
1888,75.0,0.10,1583,1007
1889,78.2,0.09,1582,1002
1890,71.6,0.08,1427,976
1891,35.9,0.08,818,788
1892,34.4,0.08,773,781
1893,36.9,0.08,867,799
1894,38.7,0.08,949,819
1895,59.2,0.33,1810,955
1896,94.0,0.36,3166,1336
1897,92.0,0.27,2643,1313
1898,77.8,0.11,1594,1013
1899,78.0,0.09,1578,1003
1900,77.2,0.09,1577,1008
1901,76.2,0.10,1572,1001
1902,75.8,0.10,1551,1004
1903,76.3,0.09,1588,999
1904,76.7,0.10,1575,997
1905,76.7,0.09,1566,1009
1906,77.4,0.10,1569,998
1907,76.2,0.09,1571,999
1908,77.0,0.09,1567,1013
1909,77.7,0.12,1573,999
1910,77.3,0.10,1563,996
1911,77.8,0.09,1587,1001
1912,77.7,0.10,1577,1010
1913,76.4,0.10,1561,1005
1914,78.4,0.09,1591,1020
1915,78.4,0.10,1590,999
1916,77.9,0.10,1580,1006
1917,77.3,0.10,1574,1002
1918,76.5,0.10,1563,1011
1919,74.5,0.09,1552,997
1920,56.2,0.09,1424,934
1921,54.3,0.09,1406,934
1922,51.1,0.08,1293,903
1923,56.2,0.08,1487,950
1924,78.6,0.16,2179,1110
1925,78.6,0.10,1573,1011
1926,76.3,0.10,1581,1003
1927,76.9,0.10,1574,1005
1928,77.5,0.10,1569,1003
1929,77.3,0.10,1579,1005
1930,77.6,0.10,1585,1005
1931,77.8,0.09,1566,1005
1932,77.0,0.09,1579,1003
1933,77.6,0.10,1569,1003
1934,77.2,0.10,1584,1004
1935,73.5,0.10,1558,1004
1936,77.5,0.10,1575,991
1937,76.7,0.09,1554,997
1938,75.9,0.10,1565,998
1939,78.8,0.10,1583,998
1940,76.9,0.09,1563,1008
1941,77.7,0.09,1563,998
1942,77.2,0.10,1569,993
1943,77.0,0.09,1566,991
1944,77.1,0.10,1579,1006
1945,77.3,0.10,1581,1012
1946,76.3,0.11,1549,986
1947,77.2,0.10,1578,1011
1948,77.3,0.09,1542,995
1949,55.2,0.09,1406,934
1950,52.2,0.08,1303,906
1951,59.5,0.09,1609,975
1952,53.5,0.08,1358,923
1953,69.4,0.18,1975,1040
1954,78.2,0.10,1730,1056
1955,75.8,0.09,1567,1002
1956,76.9,0.09,1574,999
1957,77.3,0.09,1573,1005
1958,75.2,0.11,1560,1003
1959,76.5,0.10,1582,1003
1960,76.4,0.10,1573,1001
1961,77.0,0.10,1575,999
1962,75.8,0.09,1572,1003
1963,76.6,0.10,1563,996
1964,78.1,0.09,1582,1013
1965,77.6,0.09,1577,1002
1966,77.1,0.09,1572,1006
1967,76.4,0.10,1575,994
1968,76.6,0.09,1564,998
1969,76.0,0.10,1571,1000
1970,75.5,0.10,1579,1007
1971,76.3,0.09,1593,1013
1972,76.2,0.10,1555,1001
1973,77.0,0.10,1584,997
1974,76.5,0.10,1571,1008
1975,77.8,0.10,1585,1000
1976,76.7,0.09,1562,1019
1977,73.3,0.09,1484,979
1978,32.4,0.08,694,760
1979,29.9,0.08,632,742
1980,34.3,0.08,794,781
1981,34.1,0.08,846,793
1982,61.0,0.26,1902,977
1983,92.8,0.35,3072,1297
1984,92.7,0.28,2901,1336
1985,81.5,0.12,1741,1090
1986,75.9,0.11,1563,1006
1987,77.5,0.10,1579,1007
1988,77.4,0.10,1566,1007
1989,77.4,0.10,1603,1011
1990,77.0,0.11,1558,989
1991,78.8,0.10,1580,1017
1992,77.0,0.10,1579,996
1993,77.5,0.09,1579,1001
1994,75.8,0.10,1558,1013
1995,78.0,0.09,1597,1007
1996,76.0,0.11,1565,1005
1997,75.6,0.10,1569,1000
1998,75.4,0.11,1581,995
1999,76.2,0.10,1581,1010
2000,78.7,0.09,1571,1018
2001,76.9,0.10,1580,984
2002,78.6,0.09,1580,1012
2003,77.4,0.10,1580,1015
2004,76.2,0.10,1577,999
2005,76.1,0.10,1579,1007
2006,72.4,0.08,1472,982
2007,40.0,0.08,970,826
2008,45.6,0.08,1209,880
2009,41.1,0.08,1024,835
2010,35.3,0.08,809,788
2011,60.9,0.29,1800,964
2012,93.6,0.33,3055,1318
2013,86.8,0.23,2123,1171
2014,78.3,0.10,1570,1005
2015,75.4,0.10,1580,1001
2016,74.7,0.10,1563,1004
2017,76.2,0.11,1579,1008
2018,76.5,0.10,1580,1002
2019,78.1,0.09,1581,1003
2020,76.9,0.10,1555,1000
2021,76.7,0.10,1588,1017
2022,76.2,0.10,1569,999
2023,76.8,0.09,1577,1008
2024,74.1,0.10,1561,1006
2025,75.5,0.10,1574,983
2026,77.5,0.09,1573,1015
2027,77.1,0.10,1577,1001
2028,77.2,0.09,1570,1006
2029,77.4,0.10,1583,1009
2030,77.7,0.09,1571,1011
2031,78.3,0.09,1577,1006
2032,77.2,0.10,1573,1010
2033,77.1,0.10,1597,1005
2034,76.6,0.10,1576,1008
2035,74.4,0.09,1542,1002
2036,52.1,0.09,1329,915
2037,54.0,0.09,1399,928
2038,50.0,0.09,1318,914
2039,53.7,0.09,1425,936
2040,78.2,0.21,2293,1128
2041,80.4,0.10,1668,1041
2042,76.7,0.09,1544,1003
2043,76.5,0.09,1584,1003
2044,78.3,0.09,1590,1012
2045,77.5,0.10,1567,1010
2046,76.0,0.10,1583,1001
2047,79.1,0.09,1579,999
2048,75.2,0.09,1567,1001
2049,75.7,0.09,1562,1010
2050,77.2,0.09,1580,1005
2051,76.8,0.09,1565,995
2052,76.3,0.09,1571,1015
2053,77.3,0.09,1583,998
2054,77.0,0.09,1566,1003
2055,77.0,0.10,1564,1006
2056,76.8,0.11,1572,1002
2057,76.6,0.10,1577,1017
2058,77.5,0.10,1592,1013
2059,76.5,0.10,1584,1004
2060,77.4,0.09,1572,1004
2061,77.1,0.09,1566,1008
2062,76.8,0.10,1572,1000
2063,76.3,0.10,1585,1006
2064,74.6,0.09,1575,1013
2065,57.4,0.09,1487,956
2066,58.3,0.08,1489,953
2067,56.1,0.09,1428,936
2068,56.9,0.09,1479,949
2069,67.4,0.12,1838,1028
2070,78.0,0.10,1651,1022
2071,77.2,0.09,1568,1011
2072,76.6,0.09,1577,1013
2073,77.6,0.09,1570,990
2074,75.6,0.10,1581,1007
2075,77.4,0.10,1564,1005
2076,77.6,0.10,1580,1003
2077,78.0,0.09,1566,1003
2078,76.4,0.11,1589,1020
2079,77.5,0.10,1567,1003
2080,76.9,0.10,1566,1006
2081,77.0,0.09,1578,997
2082,78.1,0.10,1574,1008
2083,77.0,0.10,1579,1001
2084,77.8,0.10,1573,1016
2085,78.3,0.10,1586,998
2086,76.1,0.10,1579,1016
2087,77.2,0.10,1577,1015
2088,76.7,0.09,1560,1011
2089,76.0,0.10,1598,995
2090,76.0,0.10,1583,1008
2091,77.5,0.10,1565,1005
2092,77.1,0.09,1582,1014
2093,77.6,0.10,1584,1008
2094,65.9,0.09,1517,989
2095,55.3,0.09,1439,939
2096,58.3,0.09,1501,955
2097,51.6,0.09,1329,912
2098,57.0,0.10,1559,961
2099,79.1,0.10,2006,1090
2100,77.1,0.09,1562,1010
2101,77.5,0.09,1599,1001
2102,77.6,0.09,1555,1020
2103,76.4,0.10,1588,1006
2104,77.3,0.09,1576,997
2105,77.4,0.09,1567,1009
2106,75.7,0.09,1587,1001
2107,77.7,0.09,1573,1003
2108,75.4,0.11,1567,993
2109,77.9,0.10,1597,1033
2110,76.7,0.09,1574,998
2111,76.0,0.09,1571,1015
2112,76.3,0.10,1567,999
2113,75.3,0.10,1575,992
2114,76.7,0.09,1565,1008
2115,76.3,0.09,1594,1004
2116,77.4,0.09,1574,1008
2117,77.7,0.09,1557,998
2118,76.4,0.10,1568,1000
2119,77.0,0.10,1596,1020
2120,76.8,0.10,1581,1002
2121,75.0,0.09,1582,1010
2122,75.4,0.09,1589,1002
2123,76.5,0.09,1576,1008
2124,51.8,0.08,1133,888
2125,50.4,0.08,1272,900
2126,53.6,0.09,1473,943
2127,49.6,0.08,1333,911
2128,57.6,0.14,1593,968
2129,89.3,0.22,2539,1222
2130,78.5,0.09,1587,998
2131,75.9,0.09,1564,1012
2132,77.2,0.09,1578,1000
2133,75.4,0.09,1574,1000
2134,77.1,0.09,1576,1011
2135,75.5,0.10,1583,1006
2136,75.7,0.10,1570,996
2137,77.3,0.10,1565,1010
2138,76.5,0.09,1575,1007
2139,76.5,0.09,1575,992
2140,76.9,0.10,1577,1007
2141,75.4,0.09,1576,1001
2142,75.9,0.09,1558,994
2143,75.8,0.09,1561,997
2144,76.8,0.09,1569,993
2145,76.3,0.10,1592,1020
2146,76.3,0.10,1560,1011
2147,77.3,0.09,1585,1001
2148,76.4,0.09,1573,1002
2149,75.7,0.10,1559,997
2150,76.6,0.09,1590,1004
2151,75.6,0.09,1568,1008
2152,74.6,0.09,1575,998
2153,57.7,0.08,1345,940
2154,54.9,0.08,1391,928
2155,56.3,0.08,1469,944
2156,56.0,0.08,1416,930
2157,65.9,0.18,1869,1022
2158,80.1,0.12,1877,1091
2159,76.6,0.09,1581,1004
2160,76.7,0.09,1576,1001
2161,77.8,0.08,1568,1014
2162,75.9,0.10,1562,998
2163,77.6,0.09,1585,991
2164,77.8,0.09,1560,994
2165,75.1,0.09,1570,1004
2166,76.3,0.09,1584,1004
2167,77.8,0.10,1553,1000
2168,78.4,0.10,1576,1008
2169,76.0,0.09,1578,1002
2170,76.4,0.09,1573,1004
2171,76.3,0.09,1573,1009
2172,76.9,0.09,1558,1001
2173,77.7,0.10,1596,997
2174,77.6,0.09,1564,1017
2175,76.6,0.09,1584,1005
2176,77.6,0.10,1572,998
2177,77.1,0.10,1585,1012
2178,77.0,0.10,1576,1003
2179,76.3,0.09,1572,1008
2180,77.1,0.10,1564,994
2181,77.0,0.10,1577,1007
2182,63.7,0.09,1488,976
2183,62.4,0.09,1595,976
2184,57.5,0.08,1471,949
2185,53.7,0.09,1351,918
2186,58.5,0.10,1549,958
2187,80.2,0.10,1907,1073
2188,76.4,0.11,1583,1003
2189,77.1,0.10,1575,1005
2190,77.2,0.10,1563,1001
2191,78.0,0.10,1580,996
2192,78.0,0.10,1565,1002
2193,77.3,0.09,1579,1017
2194,75.9,0.10,1580,1003
2195,75.3,0.10,1561,1010
2196,76.3,0.11,1582,990
2197,77.3,0.10,1593,1022
2198,75.7,0.09,1563,997
2199,76.3,0.10,1584,1005
2200,76.5,0.09,1565,997
2201,77.1,0.09,1577,1011
2202,76.2,0.09,1579,1005
2203,76.5,0.10,1575,998
2204,76.4,0.10,1561,1007
2205,76.5,0.10,1568,1003
2206,76.3,0.09,1580,1005
2207,76.4,0.10,1574,990
2208,76.5,0.09,1575,1020
2209,77.0,0.09,1588,1004
2210,76.7,0.09,1584,1006
2211,76.4,0.10,1561,1014
2212,78.3,0.09,1589,1010
2213,58.6,0.08,1457,955
2214,54.2,0.08,1347,919
2215,51.4,0.09,1317,914
2216,60.1,0.09,1591,969
2217,78.3,0.15,2077,1096
2218,75.4,0.09,1577,997
2219,75.9,0.09,1573,1018
2220,77.2,0.09,1574,999
2221,77.1,0.09,1580,1004
2222,77.2,0.10,1563,1006
2223,76.4,0.10,1580,1004
2224,76.8,0.11,1566,995
2225,76.9,0.09,1566,1004
2226,78.3,0.09,1583,1005
2227,77.9,0.09,1571,1003
2228,77.3,0.09,1563,1010
2229,76.4,0.10,1575,986
2230,77.3,0.09,1571,1015
2231,75.5,0.10,1580,1007
2232,75.2,0.09,1574,1000
2233,76.2,0.09,1566,1000
2234,75.5,0.09,1581,1014
2235,77.3,0.10,1565,988
2236,76.6,0.09,1576,1013
2237,75.6,0.10,1582,995
2238,76.6,0.09,1560,1002
2239,76.2,0.10,1575,1011
2240,75.2,0.09,1572,1005
2241,75.8,0.10,1575,998
2242,41.4,0.08,924,827
2243,33.5,0.07,759,777
2244,33.3,0.08,791,782
2245,39.7,0.07,1020,836
2246,56.7,0.26,1754,931
2247,93.0,0.44,2970,1306
2248,91.0,0.33,2740,1341
2249,77.7,0.16,1566,1009
2250,77.3,0.09,1571,999
2251,77.8,0.10,1574,1004
2252,76.6,0.12,1573,1004
2253,76.3,0.10,1567,1012
2254,76.3,0.10,1581,1005
2255,76.7,0.09,1570,1005
2256,77.8,0.09,1577,1011
2257,76.6,0.10,1576,996
2258,77.8,0.09,1561,1014
2259,75.5,0.09,1592,1000
2260,77.8,0.09,1586,1012
2261,77.7,0.09,1572,1007
2262,78.6,0.10,1574,1004
2263,77.0,0.10,1578,1012
2264,76.6,0.11,1570,990
2265,75.8,0.10,1583,1025
2266,77.4,0.09,1571,1001
2267,76.8,0.10,1579,1007
2268,75.0,0.10,1576,995
2269,77.3,0.10,1572,1013
2270,75.7,0.10,1565,990
2271,57.9,0.09,1453,964
2272,63.9,0.09,1646,990
2273,52.3,0.09,1318,910
2274,54.8,0.09,1411,933
2275,70.1,0.13,1900,1058
2276,78.0,0.09,1639,1008
2277,76.9,0.10,1574,1011
2278,75.6,0.10,1578,1003
2279,74.8,0.10,1578,999
2280,76.2,0.10,1584,1014
2281,75.9,0.11,1565,1004
2282,76.8,0.10,1583,1004
2283,76.7,0.10,1572,1006
2284,77.6,0.10,1567,1016
2285,77.2,0.10,1592,1004
2286,77.6,0.10,1572,997
2287,77.4,0.10,1584,1025
2288,76.2,0.09,1579,1010
2289,76.2,0.10,1588,999
2290,77.4,0.09,1580,1008
2291,77.0,0.10,1575,1010
2292,76.7,0.10,1579,1011
2293,78.0,0.09,1579,1005
2294,77.0,0.09,1592,1018
2295,77.1,0.10,1559,998
2296,77.2,0.09,1565,1008
2297,77.4,0.09,1581,1003
2298,77.0,0.10,1564,1000
2299,76.5,0.10,1594,1007
2300,77.3,0.09,1561,1007
2301,52.1,0.08,1166,901
2302,47.0,0.09,1255,892
2303,42.8,0.08,1057,848
2304,40.6,0.08,963,825
2305,53.4,0.16,1557,923
2306,91.1,0.40,2869,1305
2307,83.0,0.27,2087,1127
2308,77.1,0.12,1572,1006
2309,76.9,0.10,1582,1005
2310,76.7,0.09,1574,1008
2311,76.8,0.10,1569,997
2312,77.5,0.10,1572,1010
2313,77.3,0.10,1581,996
2314,75.4,0.10,1574,1005
2315,76.4,0.10,1568,1018
2316,74.8,0.09,1575,994
2317,76.0,0.09,1573,1011
2318,77.9,0.10,1578,994
2319,75.8,0.09,1579,1011
2320,76.7,0.09,1595,1012
2321,77.8,0.10,1560,996
2322,76.5,0.10,1576,1018
2323,77.4,0.10,1575,996
2324,75.7,0.10,1550,1002
2325,77.8,0.10,1601,999
2326,78.6,0.11,1563,1001
2327,75.9,0.10,1571,1014
2328,77.3,0.10,1589,1009
2329,79.7,0.09,1566,1004
2330,50.5,0.08,1029,860
2331,34.2,0.08,768,777
2332,33.4,0.08,755,772
2333,41.9,0.08,1112,860
2334,36.7,0.09,909,810
2335,92.4,0.38,3063,1237
2336,92.8,0.29,2936,1330
2337,84.7,0.28,1994,1164
2338,77.0,0.13,1574,1013
2339,77.6,0.09,1577,1009
2340,77.4,0.10,1572,1006
2341,77.3,0.10,1574,999
2342,76.7,0.10,1560,1002
2343,78.6,0.09,1584,1011
2344,76.4,0.10,1581,996
2345,76.4,0.09,1566,1007
2346,77.7,0.09,1580,1003
2347,76.6,0.10,1566,1011
2348,77.1,0.10,1589,1008
2349,77.6,0.10,1563,1000
2350,75.6,0.10,1566,995
2351,77.3,0.10,1569,1004
2352,77.4,0.10,1571,999
2353,77.5,0.09,1565,1005
2354,75.5,0.10,1572,1012
2355,76.3,0.10,1582,1005
2356,78.1,0.10,1556,1009
2357,75.2,0.10,1587,986
2358,78.0,0.10,1574,1017
2359,63.0,0.09,1416,956
2360,53.0,0.09,1335,916
2361,57.8,0.10,1546,962
2362,58.4,0.10,1515,953
2363,68.5,0.12,1851,1040
2364,78.4,0.10,1691,1021
2365,77.1,0.10,1579,1007
2366,78.3,0.10,1570,1001
2367,77.4,0.11,1570,998
2368,76.5,0.10,1569,1006
2369,75.7,0.10,1578,1013
2370,77.0,0.10,1579,1012
2371,76.4,0.10,1567,1004
2372,77.6,0.10,1568,1011
2373,76.5,0.10,1586,999
2374,76.8,0.10,1581,1003
2375,77.8,0.10,1572,1024
2376,75.6,0.10,1573,985
2377,77.0,0.10,1575,1006
2378,77.5,0.10,1566,1008
2379,77.0,0.10,1570,1013
2380,77.0,0.10,1562,985
2381,76.9,0.10,1578,1000
2382,77.2,0.10,1579,1012
2383,76.9,0.10,1577,996
2384,75.5,0.10,1586,1015
2385,79.2,0.10,1574,1014
2386,77.5,0.10,1570,1014
2387,77.4,0.10,1578,982
2388,44.1,0.07,799,819
2389,18.0,0.07,273,655
2390,18.5,0.07,272,654
2391,18.0,0.07,273,654
2392,18.6,0.07,272,655
2393,89.8,0.38,2951,1230
2394,94.1,0.41,2880,1294
2395,92.6,0.32,2948,1304
2396,94.0,0.32,3098,1342
2397,81.6,0.19,1840,1105
2398,76.8,0.10,1554,1009
2399,77.0,0.10,1577,1002
2400,76.7,0.10,1591,1012
2401,76.7,0.10,1567,1006
2402,75.7,0.11,1574,1004
2403,77.2,0.10,1588,1001
2404,77.0,0.10,1570,1005
2405,77.3,0.09,1567,1000
2406,75.7,0.10,1577,999
2407,77.7,0.10,1567,1012
2408,77.1,0.10,1578,1005
2409,77.2,0.09,1576,1009
2410,74.7,0.10,1579,999
2411,77.3,0.11,1575,1013
2412,75.8,0.10,1573,994
2413,77.8,0.10,1563,997
2414,77.1,0.10,1590,1020
2415,78.1,0.10,1572,1005
2416,77.2,0.10,1585,1007
2417,65.3,0.09,1493,980
2418,52.7,0.08,1319,914
2419,54.1,0.09,1356,914
2420,51.9,0.09,1378,925
2421,62.0,0.18,1691,982
2422,84.4,0.16,2133,1136
2423,78.2,0.10,1567,1014
2424,77.1,0.09,1565,989
2425,78.4,0.10,1568,1017
2426,76.3,0.10,1574,1002
2427,76.3,0.10,1575,991
2428,76.4,0.09,1587,1008
2429,75.7,0.10,1564,1015
2430,79.1,0.09,1581,1001
2431,76.2,0.10,1570,1010
2432,77.5,0.10,1584,996
2433,77.1,0.09,1583,1016
2434,77.3,0.10,1577,1001
2435,77.5,0.09,1543,998
2436,77.0,0.09,1588,997
2437,78.7,0.10,1572,1005
2438,78.4,0.09,1575,1015
2439,76.6,0.10,1570,988
2440,76.2,0.10,1583,1012
2441,78.0,0.09,1563,1006
2442,77.6,0.10,1568,1011
2443,77.2,0.10,1589,993
2444,76.6,0.10,1579,1009
2445,79.3,0.09,1579,1013
2446,59.3,0.08,1193,906
2447,36.5,0.07,819,789
2448,35.2,0.08,817,785
2449,36.5,0.08,906,811
2450,39.3,0.12,1024,817
2451,93.1,0.31,3143,1270
2452,93.6,0.33,2784,1336
2453,80.4,0.20,1797,1075
2454,78.9,0.10,1573,995
2455,78.0,0.10,1580,1015
2456,76.6,0.10,1572,1000
2457,77.4,0.11,1584,1013
2458,77.2,0.10,1574,1005
2459,78.1,0.10,1577,1010
2460,77.7,0.10,1556,998
2461,77.3,0.11,1577,993
2462,76.6,0.10,1586,1020
2463,77.7,0.09,1560,1009
2464,77.3,0.10,1584,1002
2465,77.8,0.10,1584,1006
2466,77.1,0.11,1570,1007
2467,75.7,0.10,1535,1008
2468,78.5,0.10,1630,1012
2469,76.9,0.10,1564,1006
2470,77.5,0.10,1585,1004
2471,76.7,0.11,1574,1018
2472,76.5,0.10,1588,1003
2473,78.0,0.10,1575,1007
2474,77.1,0.10,1583,1012
2475,59.5,0.08,1260,924
2476,42.4,0.09,1102,857
2477,39.6,0.08,978,825
2478,36.9,0.08,879,803
2479,43.7,0.17,1264,848
2480,94.0,0.36,3222,1342
2481,87.9,0.29,2218,1202
2482,77.4,0.15,1577,1011
2483,78.4,0.10,1568,992
2484,77.8,0.10,1576,1008
2485,76.8,0.10,1546,1014
2486,76.8,0.10,1607,1006
2487,77.2,0.10,1578,1002
2488,77.2,0.10,1571,1007
2489,78.4,0.10,1577,1010
2490,77.1,0.10,1573,995
2491,78.3,0.10,1561,1015
2492,77.0,0.10,1592,1005
2493,77.7,0.10,1572,995
2494,78.1,0.10,1582,1014
2495,77.3,0.10,1578,1005
2496,76.8,0.10,1564,1008
2497,77.4,0.10,1574,1005
2498,77.2,0.10,1585,1009
2499,76.7,0.10,1570,998
2500,77.7,0.10,1566,1002
2501,78.7,0.10,1564,1001
2502,77.5,0.10,1561,999
2503,76.3,0.10,1582,1017
2504,64.8,0.09,1390,947
2505,49.6,0.09,1261,895
2506,47.2,0.09,1180,879
2507,58.3,0.10,1596,976
2508,63.6,0.10,1778,1023
2509,84.0,0.19,2172,1116
2510,76.8,0.10,1573,1005
2511,77.4,0.10,1564,1012
2512,76.1,0.10,1576,1005
2513,77.3,0.10,1584,1009
2514,77.7,0.10,1568,995
2515,76.1,0.10,1586,1000
2516,77.0,0.11,1580,1016
2517,77.9,0.10,1576,1003
2518,78.1,0.10,1589,1016
2519,78.1,0.10,1563,1009
2520,77.4,0.10,1575,993
2521,77.1,0.10,1570,1006
2522,77.2,0.10,1584,1004
2523,77.5,0.10,1580,1017
2524,78.8,0.10,1579,1001
2525,76.0,0.10,1580,1006
2526,76.1,0.11,1577,1016
2527,78.3,0.10,1583,996
2528,76.6,0.10,1582,1010
2529,77.3,0.11,1580,1014
2530,75.2,0.10,1563,1003
2531,78.4,0.10,1584,998
2532,78.4,0.10,1586,1007
2533,66.5,0.09,1464,986
2534,54.3,0.09,1387,927
2535,49.3,0.08,1289,907
2536,56.4,0.09,1495,951
2537,54.7,0.14,1538,943
2538,87.1,0.14,2202,1166
2539,77.9,0.09,1579,1010
2540,77.2,0.10,1580,1009
2541,75.0,0.09,1584,995
2542,78.0,0.10,1566,1006
2543,75.9,0.09,1574,1008
2544,76.2,0.10,1581,1000
2545,75.7,0.10,1556,993
2546,77.2,0.10,1585,1009
2547,76.4,0.10,1570,1002
2548,77.0,0.09,1586,1002
2549,77.7,0.09,1572,1003
2550,77.5,0.09,1563,991
2551,77.1,0.10,1569,1006
2552,77.4,0.10,1585,1009
2553,77.6,0.09,1553,1010
2554,76.9,0.10,1587,1006
2555,75.4,0.09,1580,992
2556,78.3,0.10,1584,1011
2557,78.7,0.09,1560,1008
2558,78.0,0.09,1570,995
2559,77.9,0.10,1580,1004
2560,77.0,0.09,1590,1013
2561,75.8,0.11,1568,1003
2562,70.0,0.08,1517,982
2563,50.0,0.08,1225,887
2564,50.1,0.09,1246,890
2565,53.7,0.08,1377,924
2566,57.8,0.11,1546,939
2567,87.7,0.21,2432,1198
2568,75.8,0.10,1566,996
2569,76.4,0.09,1559,1000
2570,77.2,0.09,1554,1002
2571,78.3,0.09,1577,998
2572,76.1,0.09,1570,1007
2573,76.2,0.10,1572,995
2574,76.8,0.10,1569,999
2575,77.7,0.10,1576,1005
2576,76.9,0.10,1575,1009
2577,77.5,0.10,1574,996
2578,76.3,0.09,1562,1012
2579,77.7,0.10,1575,1006
2580,77.0,0.10,1572,995
2581,77.9,0.10,1586,1015
2582,76.6,0.10,1587,995
2583,77.2,0.10,1568,1001
2584,77.0,0.10,1578,1003
2585,76.4,0.10,1575,1015
2586,77.3,0.10,1598,1014
2587,75.9,0.10,1576,1004
2588,77.3,0.10,1570,1000
2589,76.5,0.10,1572,1004
2590,75.5,0.10,1573,992
2591,69.8,0.08,1512,994
2592,61.9,0.09,1616,983
2593,57.9,0.09,1523,962
2594,54.1,0.08,1368,928
2595,56.8,0.09,1449,936
2596,79.2,0.10,1896,1072
2597,76.5,0.10,1593,1004
2598,75.8,0.10,1567,1000
2599,77.3,0.10,1577,997
2600,75.9,0.10,1564,1008
2601,78.5,0.09,1582,1004
2602,77.5,0.09,1573,1002
2603,76.3,0.10,1577,1009
2604,77.0,0.10,1570,1014
2605,76.8,0.11,1558,993
2606,77.3,0.10,1584,1012
2607,77.8,0.10,1574,996
2608,77.0,0.10,1587,998
2609,77.0,0.09,1564,1011
2610,78.5,0.10,1582,1006
2611,76.3,0.10,1575,1009
2612,77.5,0.10,1575,1003
2613,77.5,0.10,1588,1003
2614,78.3,0.09,1581,1015
2615,77.1,0.09,1575,1005
2616,75.4,0.10,1566,1010
2617,78.0,0.10,1598,996
2618,76.6,0.09,1567,1003
2619,77.1,0.10,1575,1008
2620,76.6,0.10,1579,1009
2621,75.9,0.10,1569,1002
2622,56.8,0.08,1287,927
2623,52.4,0.08,1297,907
2624,55.4,0.08,1456,943
2625,54.5,0.08,1434,937
2626,64.0,0.32,1947,996
2627,83.1,0.19,1965,1139
2628,78.8,0.09,1580,1011
2629,76.0,0.10,1564,998
2630,78.1,0.09,1585,1002
2631,76.0,0.09,1564,1005
2632,77.2,0.09,1588,1005
2633,76.5,0.09,1565,1005
2634,77.3,0.10,1582,1002
2635,76.9,0.09,1570,1006
2636,77.0,0.09,1583,1017
2637,77.4,0.09,1586,998
2638,77.8,0.09,1577,1005
2639,75.8,0.10,1562,1002
2640,76.7,0.09,1573,998
2641,76.0,0.09,1576,1008
2642,77.6,0.09,1574,1004
2643,76.3,0.09,1580,1001
2644,77.3,0.09,1560,1009
2645,76.1,0.09,1585,997
2646,75.9,0.09,1563,996
2647,76.8,0.09,1558,1013
2648,77.4,0.09,1573,989
2649,76.9,0.10,1588,1009
2650,76.0,0.09,1551,997
2651,53.6,0.08,1165,895
2652,49.3,0.08,1267,895
2653,41.5,0.08,997,831
2654,53.9,0.08,1471,944
2655,60.2,0.19,1835,1001
2656,89.9,0.28,2623,1251
2657,77.3,0.12,1590,1009
2658,76.7,0.09,1574,1011
2659,75.8,0.10,1568,1000
2660,78.0,0.09,1586,1011
2661,77.5,0.09,1577,999
2662,76.3,0.10,1567,1008
2663,77.2,0.10,1590,1010
2664,78.0,0.09,1580,1011
2665,76.9,0.09,1571,1015
2666,76.6,0.10,1570,997
2667,78.3,0.10,1586,1002
2668,78.7,0.09,1577,1011
2669,76.0,0.10,1571,991
2670,77.0,0.10,1569,1017
2671,76.6,0.10,1583,999
2672,77.7,0.10,1571,1004
2673,77.4,0.09,1577,1007
2674,76.4,0.10,1579,996
2675,76.9,0.09,1575,1026
2676,76.3,0.09,1585,999
2677,76.7,0.10,1566,998
2678,77.2,0.10,1565,1002
2679,77.4,0.10,1577,998
2680,56.8,0.08,1270,920
2681,48.5,0.08,1220,889
2682,51.0,0.09,1289,902
2683,57.6,0.08,1513,957
2684,59.2,0.30,1820,940
2685,87.5,0.23,2244,1235
2686,76.7,0.10,1596,1013
2687,76.9,0.09,1572,1007
2688,77.4,0.09,1577,1002
2689,76.3,0.09,1580,1000
2690,77.4,0.10,1562,1006
2691,76.2,0.10,1576,1006
2692,76.3,0.10,1582,996
2693,77.1,0.10,1570,1002
2694,75.6,0.10,1594,1015
2695,76.4,0.10,1583,1013
2696,76.9,0.10,1569,998
2697,76.6,0.10,1568,1015
2698,76.1,0.10,1585,1001
2699,76.9,0.10,1594,1014
2700,76.1,0.10,1562,1000
2701,76.2,0.09,1580,1005
2702,76.0,0.10,1570,992
2703,75.8,0.10,1556,1004
2704,77.3,0.09,1581,1002
2705,77.4,0.09,1570,1004
2706,76.5,0.10,1557,1003
2707,76.7,0.09,1597,1003
2708,77.5,0.09,1570,1012
2709,57.1,0.09,1297,925
2710,49.6,0.08,1239,888
2711,50.4,0.09,1284,901
2712,55.1,0.09,1468,945
2713,60.3,0.26,1815,960
2714,87.7,0.31,2284,1221
2715,78.2,0.15,1571,1006
2716,77.2,0.09,1573,1002
2717,76.6,0.10,1577,1001
2718,77.4,0.09,1570,1002
2719,75.6,0.10,1588,1015
2720,76.4,0.10,1566,1010
2721,76.9,0.10,1574,998
2722,76.8,0.10,1585,1002
2723,76.2,0.10,1579,1002
2724,76.9,0.09,1565,1009
2725,76.3,0.10,1565,1001
2726,78.2,0.09,1583,1011
2727,76.8,0.10,1584,1010
2728,76.7,0.10,1575,999
2729,77.0,0.09,1569,1002
2730,76.9,0.09,1586,1009
2731,77.7,0.10,1577,999
2732,77.1,0.09,1574,1005
2733,76.4,0.09,1577,1012
2734,77.7,0.10,1580,1014
2735,76.7,0.09,1581,996
2736,77.6,0.10,1559,1019
2737,78.5,0.10,1585,1004
2738,35.2,0.07,639,760
2739,18.0,0.07,275,656
2740,19.0,0.07,273,654
2741,19.1,0.07,272,655
2742,39.0,0.14,1044,836
2743,93.5,0.36,3275,1281
2744,92.4,0.39,3080,1349
2745,93.3,0.35,3035,1332
2746,87.1,0.25,2170,1211
2747,77.8,0.10,1567,993
2748,77.6,0.09,1567,1005
2749,74.8,0.10,1562,993
2750,77.6,0.09,1558,993
2751,78.1,0.10,1589,1011
2752,77.0,0.10,1563,999
2753,77.4,0.09,1573,1003
2754,77.5,0.09,1571,1005
2755,76.9,0.10,1585,1005
2756,77.2,0.10,1565,1011
2757,76.7,0.10,1604,1008
2758,75.2,0.10,1565,1007
2759,77.2,0.11,1566,998
2760,76.6,0.10,1578,1024
2761,77.9,0.10,1594,1002
2762,76.6,0.10,1568,1000
2763,75.7,0.10,1570,1007
2764,76.6,0.10,1580,998
2765,77.1,0.10,1571,1002
2766,75.1,0.11,1571,1014
2767,46.2,0.08,961,836
2768,37.2,0.08,840,793
2769,36.6,0.08,896,804
2770,36.6,0.08,893,808
2771,49.0,0.17,1281,889
2772,93.8,0.36,3216,1291
2773,91.9,0.33,2739,1280
2774,78.5,0.20,1689,1087
2775,77.2,0.10,1583,1004
2776,76.8,0.10,1579,1005
2777,76.4,0.10,1570,1012
2778,78.0,0.10,1580,1009
2779,77.2,0.10,1576,1003
2780,76.9,0.09,1597,1007
2781,75.7,0.10,1571,1019
2782,76.7,0.10,1570,999
2783,78.0,0.10,1586,1002
2784,78.3,0.10,1567,993
2785,77.7,0.10,1557,1009
2786,76.9,0.10,1594,1006
2787,77.4,0.10,1590,1017
2788,77.6,0.10,1572,991
2789,76.5,0.09,1561,1004
2790,77.2,0.10,1577,1001
2791,77.3,0.10,1568,1002
2792,76.9,0.10,1565,1005
2793,76.8,0.09,1587,1010
2794,77.5,0.10,1576,1015
2795,76.7,0.09,1561,1003
2796,58.1,0.08,1336,921
2797,55.1,0.09,1389,932
2798,59.8,0.10,1592,974
2799,52.6,0.08,1344,918
2800,69.8,0.25,1986,995
2801,81.4,0.22,1762,1120
2802,78.2,0.10,1578,998
2803,77.4,0.10,1575,1017
2804,76.4,0.10,1562,1005
2805,77.1,0.10,1588,1005
2806,77.6,0.10,1574,1004
2807,78.3,0.10,1573,998
2808,77.7,0.10,1562,1008
2809,76.2,0.11,1576,1002
2810,77.8,0.10,1581,1006
2811,76.6,0.10,1571,1015
2812,77.8,0.10,1578,1006
2813,76.7,0.10,1557,1008
2814,77.2,0.10,1594,999
2815,77.7,0.10,1579,998
2816,76.7,0.09,1572,1012
2817,77.3,0.10,1581,1010
2818,77.8,0.10,1584,1005
2819,76.9,0.11,1585,1003
2820,76.7,0.10,1566,1015
2821,76.0,0.11,1571,1008
2822,78.0,0.10,1594,1004
2823,77.6,0.10,1575,1008
2824,78.2,0.10,1563,1011
2825,47.4,0.08,1024,850
2826,40.1,0.08,952,821
2827,37.0,0.08,867,799
2828,37.0,0.08,879,806
2829,50.8,0.28,1505,873
2830,94.9,0.44,3101,1345
2831,91.0,0.33,2647,1309
2832,78.5,0.17,1577,1009
2833,77.6,0.10,1568,1005
2834,78.7,0.09,1586,1010
2835,76.6,0.10,1576,1006
2836,78.4,0.09,1567,997
2837,77.6,0.10,1577,1008
2838,77.6,0.10,1566,995
2839,75.9,0.11,1576,1012
2840,78.1,0.10,1570,997
2841,76.9,0.10,1582,1013
2842,77.2,0.10,1570,1006
2843,76.8,0.10,1569,987
2844,77.6,0.10,1571,1013
2845,75.8,0.10,1568,996
2846,78.0,0.10,1577,1011
2847,77.3,0.11,1567,991
2848,78.6,0.10,1578,1008
2849,78.1,0.10,1575,1011
2850,77.9,0.10,1569,1008
2851,76.9,0.10,1587,998
2852,77.3,0.09,1573,1007
2853,78.3,0.10,1574,1010
2854,59.1,0.09,1380,940
2855,56.2,0.09,1436,940
2856,53.7,0.10,1388,927
2857,56.8,0.09,1490,957
2858,70.3,0.16,1976,1061
2859,80.4,0.10,1768,1071
2860,78.3,0.10,1559,1006
2861,78.1,0.09,1587,1003
2862,76.8,0.10,1568,1009
2863,76.8,0.10,1584,1008
2864,78.1,0.10,1581,1001
2865,77.6,0.10,1576,997
2866,77.2,0.10,1575,1003
2867,77.5,0.09,1571,1016
2868,76.9,0.10,1571,1001
2869,77.1,0.10,1587,1004
2870,78.0,0.10,1571,1004
2871,77.2,0.10,1577,1015
2872,77.3,0.10,1578,991
2873,78.0,0.10,1585,1007
2874,78.7,0.09,1575,1011
2875,77.8,0.10,1576,1017
2876,76.3,0.10,1585,999
2877,78.0,0.09,1560,1006
2878,76.4,0.10,1580,1001
2879,78.2,0.10,1573,1003
2880,77.2,0.10,1569,1000
2881,78.6,0.10,1580,1009
2882,78.6,0.10,1578,1001
2883,51.9,0.09,1204,909
2884,54.8,0.10,1406,934
2885,50.7,0.09,1272,900
2886,62.6,0.10,1792,1022
2887,70.8,0.27,2090,1070
2888,78.9,0.12,1633,1035
2889,77.6,0.10,1565,1001
2890,76.1,0.10,1577,1013
2891,77.0,0.09,1554,997
2892,77.2,0.09,1592,1003
2893,77.1,0.09,1559,1004
2894,77.3,0.09,1579,1002
2895,77.3,0.10,1558,999
2896,77.3,0.10,1589,1002
2897,76.9,0.09,1573,1004
2898,75.6,0.09,1587,1020
2899,76.3,0.10,1562,1000
2900,77.2,0.10,1558,993
2901,73.7,0.10,1581,997
2902,78.0,0.09,1568,998
2903,78.2,0.10,1579,1010
2904,77.3,0.10,1568,987
2905,77.8,0.10,1592,1005
2906,76.9,0.09,1579,1015
2907,77.8,0.09,1572,998
2908,78.2,0.10,1562,1005
2909,77.3,0.09,1562,996
2910,78.5,0.09,1580,993
2911,77.6,0.10,1576,1013
2912,42.1,0.08,941,831
2913,38.9,0.08,904,810
2914,37.3,0.08,861,800
2915,38.2,0.08,866,799
2916,49.7,0.27,1329,825
2917,92.0,0.35,3126,1351
2918,92.2,0.28,2839,1317
2919,81.5,0.13,1625,1044
2920,77.4,0.10,1562,1003
2921,76.6,0.09,1571,989
2922,77.8,0.09,1578,1010
2923,77.3,0.09,1558,1008
2924,78.1,0.10,1580,989
2925,77.1,0.10,1559,1007
2926,77.8,0.10,1574,1005
2927,77.7,0.10,1566,1005
2928,76.9,0.10,1592,999
2929,77.7,0.11,1571,1005
2930,77.9,0.10,1568,1003
2931,77.8,0.10,1578,998
2932,77.0,0.10,1569,1012
2933,77.7,0.10,1587,992
2934,77.5,0.10,1569,1006
2935,77.5,0.10,1576,999
2936,77.3,0.11,1576,1012
2937,76.6,0.11,1553,998
2938,79.0,0.10,1593,1002
2939,77.7,0.10,1569,1012
2940,76.9,0.10,1568,999
2941,64.9,0.09,1574,985
2942,57.3,0.08,1438,938
2943,55.4,0.09,1383,923
2944,58.4,0.09,1519,963
2945,67.9,0.15,1860,1037
2946,77.8,0.10,1602,1009
2947,74.9,0.10,1569,992
2948,75.4,0.10,1566,991
2949,77.0,0.10,1570,1010
2950,76.5,0.09,1563,994
2951,77.5,0.10,1590,1004
2952,76.3,0.10,1576,1022
2953,77.6,0.11,1576,1000
2954,76.1,0.11,1576,1001
2955,76.4,0.10,1566,997
2956,77.9,0.10,1570,1013
2957,76.3,0.10,1588,1002
2958,77.2,0.10,1572,1000
2959,78.0,0.10,1575,997
2960,77.0,0.09,1567,1010
2961,76.6,0.10,1582,996
2962,76.0,0.10,1574,1008
2963,77.6,0.10,1586,1005
2964,77.5,0.10,1559,1002
2965,76.5,0.10,1583,1010
2966,77.4,0.09,1575,1007
2967,77.0,0.10,1571,999
2968,77.1,0.10,1568,1001
2969,76.5,0.09,1566,989
2970,73.1,0.09,1549,1006
2971,60.1,0.08,1535,965
2972,50.6,0.08,1289,906
2973,50.4,0.09,1283,900
2974,57.7,0.09,1530,960
2975,82.6,0.11,2182,1115
2976,76.9,0.09,1567,1010
2977,78.2,0.09,1571,999
2978,75.7,0.10,1577,1004
2979,77.8,0.10,1568,996
2980,75.5,0.09,1560,988
2981,78.0,0.10,1582,1014
2982,76.5,0.10,1563,1003
2983,77.6,0.10,1576,1001
2984,76.7,0.10,1574,1001
2985,77.6,0.10,1567,988
2986,75.7,0.10,1529,1013
2987,78.2,0.09,1615,1000
2988,76.4,0.10,1553,1002
2989,77.1,0.09,1581,1003
2990,75.5,0.10,1576,991
2991,77.1,0.10,1559,1011
2992,76.1,0.10,1584,997
2993,76.4,0.10,1568,1004
2994,78.0,0.10,1555,994
2995,76.5,0.10,1582,1006
2996,75.9,0.10,1574,1004
2997,77.0,0.10,1562,995
2998,76.4,0.10,1581,1012
2999,77.9,0.09,1571,1011
3000,68.3,0.09,1575,984
3001,52.7,0.08,1318,913
3002,52.5,0.09,1329,914
3003,58.8,0.10,1562,968
3004,65.3,0.19,1828,1016
3005,80.2,0.09,1755,1046
3006,76.3,0.10,1565,1001
3007,76.8,0.10,1560,992
3008,77.5,0.09,1576,1008
3009,76.5,0.09,1561,988
3010,76.7,0.09,1569,998
3011,76.6,0.09,1571,996
3012,76.3,0.10,1564,1020
3013,76.8,0.09,1587,994
3014,76.6,0.09,1569,994
3015,77.1,0.09,1570,999
3016,78.4,0.09,1560,1002
3017,76.6,0.10,1559,982
3018,76.4,0.09,1575,1019
3019,75.9,0.09,1579,997
3020,76.2,0.09,1582,1002
3021,75.7,0.09,1566,1003
3022,75.4,0.10,1561,990
3023,76.9,0.10,1565,1010
3024,76.1,0.10,1566,998
3025,75.4,0.09,1576,1000
3026,75.9,0.10,1569,990
3027,76.3,0.09,1570,1004
3028,77.4,0.09,1564,1015
3029,77.1,0.09,1574,988
3030,35.7,0.08,767,792
3031,52.2,0.10,1371,916
3032,62.7,0.08,1651,997
3033,60.7,0.09,1646,983
3034,71.2,0.30,2085,1040
3035,82.9,0.16,1866,1121
3036,77.9,0.09,1571,997
3037,77.3,0.09,1555,998
3038,75.8,0.10,1572,1005
3039,77.3,0.10,1573,995
3040,77.7,0.09,1581,1014
3041,77.9,0.09,1565,997
3042,76.5,0.10,1578,1001
3043,76.9,0.09,1575,1008
3044,76.8,0.10,1586,1011
3045,77.5,0.09,1569,1011
3046,76.2,0.10,1580,987
3047,77.2,0.10,1559,996
3048,77.8,0.10,1583,1015
3049,76.9,0.10,1584,1012
3050,76.9,0.09,1576,999
3051,76.8,0.10,1584,1003
3052,77.3,0.10,1575,1014
3053,78.8,0.10,1572,1009
3054,76.6,0.10,1572,994
3055,77.6,0.09,1583,1024
3056,75.9,0.10,1551,984
3057,78.1,0.09,1587,1006
3058,76.9,0.10,1588,1015
3059,49.7,0.09,1202,894
3060,63.4,0.09,1679,998
3061,58.4,0.09,1503,955
3062,56.0,0.09,1448,944
3063,70.1,0.22,1957,1048
3064,77.8,0.10,1596,1022
3065,76.5,0.10,1585,1002
3066,76.0,0.10,1560,998
3067,77.3,0.10,1593,1011
3068,76.9,0.09,1581,1017
3069,76.7,0.10,1567,1000
3070,76.1,0.10,1560,995
3071,77.9,0.10,1586,1001
3072,77.5,0.10,1556,999
3073,76.3,0.10,1585,1011
3074,77.2,0.10,1592,1016
3075,76.3,0.10,1580,1007
3076,76.1,0.09,1591,1002
3077,77.3,0.10,1544,998
3078,76.5,0.10,1582,1004
3079,78.6,0.10,1572,1000
3080,77.0,0.10,1569,1005
3081,78.3,0.10,1585,1003
3082,77.5,0.10,1570,1008
3083,77.3,0.10,1574,1004
3084,78.0,0.10,1566,1003
3085,76.4,0.11,1561,989
3086,77.2,0.10,1599,1015
3087,77.2,0.10,1570,1016
3088,61.9,0.09,1571,972
3089,52.8,0.08,1287,906
3090,49.2,0.09,1242,891
3091,47.2,0.08,1146,868
3092,72.5,0.23,2168,1099
3093,82.2,0.10,1957,1088
3094,76.0,0.11,1575,1000
3095,77.2,0.10,1578,1013
3096,77.3,0.10,1579,999
3097,76.2,0.10,1568,1004
3098,76.1,0.09,1565,1008
3099,76.6,0.09,1575,1002
3100,78.6,0.11,1564,1007
3101,79.0,0.10,1584,993
3102,76.7,0.09,1562,1003
3103,78.1,0.10,1567,999
3104,77.8,0.09,1571,1004
3105,76.6,0.10,1583,994
3106,78.3,0.10,1559,1015
3107,75.6,0.10,1580,997
3108,77.2,0.10,1569,1002
3109,77.6,0.10,1569,995
3110,76.2,0.10,1572,1005
3111,77.3,0.10,1593,1010
3112,77.3,0.09,1557,996
3113,76.8,0.10,1575,1000
3114,76.1,0.10,1570,1008
3115,77.5,0.10,1586,1002
3116,77.9,0.09,1580,1016
3117,77.9,0.10,1568,1004
3118,61.6,0.09,1554,971
3119,60.7,0.09,1575,978
3120,44.9,0.08,1055,847
3121,40.8,0.08,946,821
3122,64.1,0.24,1815,982
3123,86.8,0.19,2397,1193
3124,76.2,0.10,1591,1023
3125,76.6,0.09,1585,1004
3126,75.5,0.10,1577,1008
3127,76.1,0.10,1564,1006
3128,76.9,0.10,1566,989
3129,77.4,0.10,1560,1009
3130,76.7,0.09,1582,992
3131,76.7,0.09,1572,1006
3132,77.0,0.09,1560,1007
3133,76.5,0.10,1569,987
3134,77.8,0.10,1577,1005
3135,77.2,0.10,1576,1009
3136,76.7,0.10,1579,988
3137,77.6,0.10,1588,1025
3138,75.8,0.10,1564,991
3139,77.0,0.10,1588,1021
3140,77.6,0.09,1590,1011
3141,75.4,0.10,1546,999
3142,77.0,0.11,1587,994
3143,76.3,0.10,1582,1007
3144,77.7,0.10,1557,1006
3145,76.6,0.10,1588,998
3146,76.8,0.09,1588,1011
3147,75.7,0.10,1565,1009
3148,74.6,0.11,1538,1000
3149,31.1,0.08,635,745
3150,34.0,0.08,770,778
3151,35.4,0.08,862,796
3152,34.0,0.08,816,788
3153,63.7,0.37,2082,989
3154,94.8,0.36,3228,1390
3155,91.6,0.26,2574,1288
3156,77.4,0.12,1583,1013
3157,77.7,0.10,1580,1005
3158,76.4,0.10,1563,1001
3159,77.5,0.09,1573,1002
3160,77.7,0.10,1592,1007
3161,76.9,0.10,1573,1003
3162,76.9,0.10,1574,1011
3163,78.2,0.10,1574,1012
3164,77.4,0.10,1580,996
3165,78.4,0.09,1583,1002
3166,76.6,0.09,1568,1012
3167,76.7,0.10,1575,1007
3168,77.9,0.10,1578,1001
3169,76.0,0.10,1566,992
3170,76.8,0.10,1574,1015
3171,75.4,0.09,1570,993
3172,78.2,0.09,1563,1002
3173,78.4,0.10,1583,1007
3174,77.4,0.09,1565,998
3175,77.0,0.10,1571,1012
3176,77.4,0.10,1579,1002
3177,76.4,0.09,1584,1013
3178,57.1,0.09,1447,942
3179,62.5,0.09,1614,984
3180,53.2,0.08,1329,915
3181,52.5,0.09,1341,917
3182,68.8,0.17,1919,1042
3183,80.4,0.10,1720,1047
3184,76.0,0.10,1563,1000
3185,77.8,0.09,1596,1010
3186,77.1,0.10,1566,1007
3187,76.7,0.10,1577,995
3188,76.1,0.09,1575,1004
3189,76.9,0.10,1566,1001
3190,76.2,0.10,1580,1001
3191,76.8,0.10,1577,1008
3192,76.3,0.10,1579,1000
3193,77.2,0.09,1567,1008
3194,77.1,0.10,1579,998
3195,77.3,0.09,1578,1011
3196,78.5,0.10,1591,1006
3197,75.6,0.10,1574,1002
3198,76.3,0.10,1573,1003
3199,77.6,0.09,1577,1003
3200,77.1,0.09,1563,1009
3201,77.2,0.09,1572,1003
3202,76.4,0.10,1583,999
3203,77.2,0.10,1574,1006
3204,76.6,0.10,1571,1004
3205,76.7,0.10,1586,999
3206,76.5,0.09,1560,998
3207,75.9,0.09,1572,1003
3208,69.8,0.08,1481,983
3209,53.2,0.08,1350,920
3210,52.5,0.09,1326,909
3211,51.7,0.08,1325,915
3212,60.7,0.08,1637,981
3213,81.8,0.20,2224,1126
3214,79.3,0.10,1575,1008
3215,76.4,0.09,1588,1017
3216,76.8,0.10,1574,1003
3217,76.8,0.10,1561,1008
3218,77.0,0.09,1580,998
3219,77.6,0.10,1569,997
3220,77.4,0.09,1583,1004
3221,76.2,0.09,1571,1002
3222,77.7,0.09,1564,1000
3223,78.4,0.09,1581,1007
3224,76.9,0.09,1572,1003
3225,77.9,0.09,1569,1000
3226,77.3,0.09,1584,1009
3227,76.6,0.10,1567,994
3228,76.1,0.10,1577,1009
3229,75.9,0.09,1565,998
3230,77.0,0.09,1571,1003
3231,76.7,0.10,1570,1013
3232,76.4,0.09,1585,994
3233,76.9,0.09,1585,1002
3234,77.1,0.10,1561,1003
3235,77.8,0.09,1570,1012
3236,76.1,0.09,1588,996
3237,67.6,0.08,1419,966
3238,53.3,0.08,1322,913
3239,50.7,0.09,1303,908
3240,47.4,0.08,1176,875
3241,52.4,0.09,1366,918
3242,85.3,0.28,2693,1208
3243,77.6,0.14,1640,1037
3244,76.5,0.09,1579,1013
3245,77.6,0.09,1567,1001
3246,76.3,0.10,1571,1003
3247,77.4,0.10,1573,996
3248,77.7,0.10,1573,1004
3249,77.5,0.09,1590,1005
3250,75.5,0.09,1551,1005
3251,76.3,0.09,1587,1009
3252,76.5,0.10,1582,993
3253,76.1,0.10,1568,1015
3254,77.5,0.09,1593,1004
3255,78.8,0.09,1565,1008
3256,78.1,0.09,1568,998
3257,77.2,0.10,1588,1005
3258,77.3,0.09,1559,1003
3259,75.8,0.09,1583,989
3260,76.6,0.09,1574,1019
3261,77.7,0.10,1572,1016
3262,77.9,0.09,1593,1004
3263,77.2,0.09,1571,1001
3264,76.9,0.10,1576,1000
3265,76.8,0.10,1561,1011
3266,71.9,0.09,1583,1002
3267,57.3,0.08,1427,939
3268,49.5,0.09,1250,895
3269,46.6,0.08,1129,868
3270,56.1,0.09,1549,961
3271,87.3,0.20,2432,1174
3272,76.4,0.09,1585,1011
3273,77.6,0.09,1574,1005
3274,76.8,0.09,1593,1008
3275,76.8,0.09,1575,1007
3276,77.6,0.09,1598,1018
3277,76.8,0.10,1558,1007
3278,76.1,0.10,1573,985
3279,74.8,0.10,1584,1009
3280,75.6,0.10,1579,1010
3281,78.4,0.09,1575,998
3282,76.2,0.09,1559,1002
3283,76.1,0.10,1568,1008
3284,76.5,0.09,1581,1005
3285,76.7,0.10,1582,1015
3286,76.5,0.09,1583,993
3287,75.9,0.09,1575,1001
3288,76.2,0.10,1561,1008
3289,77.6,0.10,1572,1005
3290,77.0,0.10,1578,994
3291,77.1,0.09,1558,994
3292,78.1,0.09,1577,1005
3293,76.5,0.09,1566,992
3294,77.6,0.09,1565,1011
3295,76.9,0.09,1581,1005
3296,55.0,0.08,1224,905
3297,52.4,0.09,1359,922
3298,54.4,0.09,1419,935
3299,49.6,0.08,1248,894
3300,70.0,0.15,2032,1051
3301,84.3,0.15,2093,1129
3302,77.7,0.09,1582,1009
3303,75.6,0.09,1561,1008
3304,77.7,0.09,1568,1012
3305,77.3,0.09,1598,1004
3306,77.4,0.10,1570,995
3307,76.3,0.09,1581,1024
3308,76.8,0.10,1595,1001
3309,75.8,0.09,1568,1004
3310,77.4,0.09,1573,1005
3311,76.5,0.09,1588,1011
3312,77.8,0.09,1551,985
3313,78.0,0.10,1576,1016
3314,77.6,0.10,1568,1001
3315,76.0,0.10,1586,1007
3316,77.5,0.09,1562,998
3317,77.2,0.10,1586,997
3318,76.9,0.10,1555,1006
3319,77.3,0.09,1574,999
3320,77.8,0.10,1586,1012
3321,76.9,0.10,1573,997
3322,75.8,0.09,1579,1013
3323,75.8,0.09,1568,996
3324,77.3,0.09,1575,1007
3325,61.6,0.09,1406,957
3326,54.6,0.09,1376,924
3327,50.4,0.08,1280,903
3328,57.6,0.09,1519,954
3329,64.0,0.22,1838,991
3330,84.0,0.15,1962,1126
3331,77.1,0.10,1564,994
3332,76.0,0.10,1573,1005
3333,77.0,0.10,1564,1003
3334,77.9,0.09,1586,1001
3335,75.8,0.10,1570,997
3336,77.0,0.10,1572,1007
3337,77.1,0.10,1569,1005
3338,77.7,0.10,1582,1001
3339,77.1,0.10,1562,1004
3340,76.0,0.10,1557,996
3341,76.5,0.10,1592,1005
3342,76.7,0.09,1581,1004
3343,76.1,0.09,1573,1002
3344,77.3,0.09,1569,1011
3345,77.0,0.10,1576,995
3346,76.1,0.10,1579,1011
3347,76.0,0.10,1570,1003
3348,76.9,0.09,1572,1004
3349,75.8,0.10,1568,994
3350,76.5,0.11,1579,1001
3351,77.1,0.10,1559,1009
3352,78.2,0.09,1594,1005
3353,76.5,0.09,1560,998
3354,54.1,0.08,1155,894
3355,44.3,0.08,1139,865
3356,38.7,0.08,880,805
3357,41.4,0.08,1080,849
3358,50.9,0.27,1529,877
3359,93.2,0.36,3120,1341
3360,85.4,0.22,2054,1197
3361,76.1,0.10,1580,1011
3362,76.8,0.10,1597,1012
3363,76.7,0.10,1572,1014
3364,77.6,0.09,1586,1001
3365,76.5,0.10,1590,1011
3366,77.8,0.10,1575,1010
3367,78.0,0.09,1570,1010
3368,77.1,0.10,1585,1015
3369,77.7,0.10,1580,995
3370,75.9,0.10,1566,1004
3371,76.2,0.10,1570,996
3372,78.5,0.09,1576,1011
3373,77.9,0.10,1580,1006
3374,76.7,0.09,1560,996
3375,77.8,0.10,1574,998
3376,77.8,0.09,1577,1013
3377,77.4,0.10,1569,1000
3378,77.3,0.09,1579,1004
3379,77.7,0.10,1576,1009
3380,78.3,0.09,1580,1001
3381,75.8,0.10,1574,1010
3382,77.4,0.09,1563,1002
3383,52.3,0.08,1141,887
3384,37.4,0.08,888,806
3385,36.6,0.08,841,794
3386,35.1,0.08,787,780
3387,54.6,0.21,1608,918
3388,93.1,0.35,3176,1316
3389,91.2,0.25,2503,1294
3390,77.1,0.11,1567,1006
3391,77.1,0.10,1578,1005
3392,77.3,0.10,1589,1012
3393,77.0,0.09,1577,1008
3394,76.3,0.11,1564,1009
3395,76.8,0.10,1581,999
3396,77.8,0.09,1572,1001
3397,77.0,0.10,1583,1006
3398,76.1,0.09,1579,1008
3399,78.0,0.09,1576,995
3400,79.1,0.09,1580,1006
3401,78.1,0.09,1551,1009
3402,76.7,0.12,1568,1011
3403,76.5,0.10,1600,995
3404,76.5,0.10,1563,1009
3405,77.1,0.10,1571,1001
3406,77.1,0.09,1575,997
3407,77.9,0.10,1577,1009
3408,77.0,0.10,1586,1008
3409,76.9,0.10,1574,1004
3410,78.2,0.09,1568,1005
3411,76.5,0.09,1560,1002
3412,58.4,0.09,1320,929
3413,47.2,0.09,1203,881
3414,53.5,0.09,1426,936
3415,45.4,0.08,1097,855
3416,65.4,0.30,2049,1001
3417,88.7,0.22,2311,1247
3418,78.0,0.10,1590,1014
3419,76.3,0.10,1573,1003
3420,76.7,0.10,1569,1013
3421,78.6,0.10,1586,1005
3422,76.8,0.09,1561,993
3423,78.5,0.09,1588,1012
3424,77.8,0.09,1576,1005
3425,77.8,0.10,1561,998
3426,79.7,0.09,1572,1008
3427,77.6,0.11,1532,1006
3428,72.8,0.19,1447,979
3429,24.2,0.19,612,737
3430,15.1,0.19,273,655
3431,83.3,0.32,2558,1175
3432,16.5,0.27,311,664
3433,89.1,0.30,2788,1300
3434,92.6,0.25,2737,1245
3435,80.0,0.11,1781,1069
3436,78.8,0.10,1583,1010
3437,77.1,0.10,1575,998
3438,76.2,0.10,1585,1018
3439,78.5,0.09,1583,1005
3440,77.1,0.09,1580,1014
3441,61.1,0.09,1416,953
3442,59.1,0.09,1519,959
3443,56.8,0.09,1451,943
3444,60.9,0.09,1601,975
3445,69.7,0.15,1794,1024
3446,78.3,0.10,1589,1008
3447,77.1,0.09,1581,1021
3448,77.0,0.10,1568,991
3449,77.4,0.10,1584,1007
3450,77.7,0.10,1593,1012
3451,76.8,0.10,1557,1002
3452,75.7,0.10,1582,1000
3453,77.3,0.09,1579,1012
3454,76.9,0.10,1576,1012
3455,78.6,0.09,1578,1000
3456,77.8,0.10,1552,997
3457,76.1,0.10,1598,1004
3458,76.6,0.09,1564,1002
3459,75.5,0.10,1566,998
3460,76.7,0.10,1569,1007
3461,77.2,0.10,1586,1003
3462,77.2,0.09,1566,1006
3463,77.2,0.09,1591,1004
3464,75.6,0.09,1575,1015
3465,76.7,0.09,1561,993
3466,76.3,0.09,1579,1001
3467,75.8,0.10,1568,999
3468,77.0,0.10,1584,1020
3469,77.0,0.10,1572,993
3470,60.7,0.08,1421,957
3471,58.1,0.09,1508,960
3472,57.3,0.09,1445,940
3473,57.1,0.09,1489,952
3474,69.6,0.13,1916,1054
3475,76.8,0.09,1600,1018
3476,77.6,0.10,1565,994
3477,76.9,0.10,1580,999
3478,77.8,0.09,1584,1019
3479,78.5,0.09,1576,1002
3480,78.5,0.09,1579,1007
3481,78.0,0.10,1575,1008
3482,76.1,0.10,1590,1007
3483,76.8,0.10,1575,1007
3484,77.5,0.10,1562,990
3485,77.7,0.09,1589,1014
3486,76.7,0.10,1563,1002
3487,77.4,0.10,1578,1008
3488,78.7,0.10,1591,1018
3489,78.3,0.09,1567,986
3490,74.8,0.10,1560,1017
3491,77.5,0.09,1576,998
3492,78.4,0.10,1591,1006
3493,78.0,0.09,1583,1012
3494,76.7,0.09,1550,996
3495,78.2,0.09,1582,1010
3496,76.6,0.10,1576,1004
3497,77.6,0.09,1575,993
3498,77.9,0.09,1572,1016
3499,62.4,0.09,1465,962
3500,64.0,0.09,1663,993
3501,57.7,0.10,1511,962
3502,61.7,0.09,1606,980
3503,59.8,0.09,1525,963
3504,66.2,0.09,1586,989
3505,67.3,0.00,1476,914
3506,0.6,0.00,0,0
3507,0.5,0.00,0,0
3508,0.6,0.00,0,0
3509,0.6,0.00,0,0
3510,0.4,0.00,0,0
3511,0.7,0.00,0,0
3512,0.6,0.00,0,0
3513,0.5,0.00,0,0
3514,0.6,0.00,0,0
3515,0.5,0.00,0,0
3516,0.6,0.00,0,0
3517,0.5,0.00,0,0
3518,0.6,0.00,0,0
3519,0.6,0.00,0,0
3520,0.5,0.00,0,0
3521,0.6,0.00,0,0
3522,0.6,0.00,0,0
3523,0.6,0.00,0,0
3524,0.5,0.00,0,0
3525,0.6,0.00,0,0
3526,0.5,0.00,0,0
3527,1.0,0.00,0,0
3528,0.7,0.00,0,0
