1784731325,Lock,transactionid,85
1784731326,Lock,transactionid,80
1784731327,Lock,transactionid,80
1784731328,Lock,transactionid,80
1784731329,Lock,transactionid,77
1784731330,Client,ClientRead,5
1784731330,CPU,run,1
1784731330,Lock,transactionid,65
1784731330,LWLock,BufferContent,1
1784731330,LWLock,WALInsert,1
1784731331,CPU,run,8
1784731331,Lock,extend,2
1784731331,LWLock,BufferContent,7
1784731331,LWLock,WALInsert,3
1784731331,LWLock,WALWrite,1
1784731332,IO,WalInitSync,1
1784731332,LWLock,WALWrite,33
1784731334,Client,ClientRead,9
1784731334,CPU,run,11
1784731334,IO,WalSync,1
1784731334,LWLock,BufferContent,3
1784731334,LWLock,WALWrite,6
1784731335,Client,ClientRead,9
1784731335,CPU,run,3
1784731335,IO,WalSync,1
1784731335,LWLock,WALWrite,5
1784731336,Client,ClientRead,3
1784731336,CPU,run,3
1784731336,LWLock,BufferContent,5
1784731336,LWLock,WALInsert,1
1784731336,LWLock,WALWrite,5
1784731337,CPU,run,9
1784731337,IO,WalSync,1
1784731337,LWLock,WALWrite,16
1784731338,IO,WalInitSync,1
1784731338,LWLock,WALWrite,33
1784731339,CPU,run,5
1784731339,IO,WalSync,1
1784731339,LWLock,BufferContent,6
1784731339,LWLock,WALInsert,5
1784731339,LWLock,WALWrite,4
1784731339,LWLock,XactSLRU,2
1784731340,Client,ClientRead,10
1784731340,CPU,run,8
1784731340,LWLock,WALInsert,1
1784731340,LWLock,WALWrite,5
1784731341,CPU,run,7
1784731341,LWLock,BufferContent,5
1784731341,LWLock,WALInsert,1
1784731341,LWLock,WALWrite,1
1784731343,Client,ClientRead,5
1784731343,CPU,run,6
1784731343,LWLock,WALWrite,8
1784731343,LWLock,XactSLRU,1
1784731344,IO,WalInitSync,1
1784731344,LWLock,WALWrite,34
1784731345,Client,ClientRead,5
1784731345,CPU,run,13
1784731345,IO,WalWrite,1
1784731345,LWLock,BufferContent,3
1784731345,LWLock,WALWrite,8
1784731346,CPU,run,10
1784731346,LWLock,BufferContent,2
1784731346,LWLock,LockManager,1
1784731346,LWLock,WALInsert,1
1784731346,LWLock,WALWrite,12
1784731346,LWLock,XactSLRU,1
1784731347,CPU,run,7
1784731347,IO,WalSync,1
1784731347,LWLock,BufferContent,1
1784731347,LWLock,WALWrite,24
1784731348,Client,ClientRead,1
1784731348,CPU,run,15
1784731348,Lock,transactionid,1
1784731348,LWLock,BufferContent,3
1784731348,LWLock,WALWrite,5
1784731349,Client,ClientRead,6
1784731349,CPU,run,6
1784731349,IO,DataFileExtend,1
1784731349,IO,WalWrite,1
1784731349,LWLock,WALInsert,1
1784731349,LWLock,WALWrite,3
1784731350,Client,ClientRead,1
1784731350,CPU,run,1
1784731350,IO,WalSync,1
1784731350,LWLock,WALWrite,3
1784731352,CPU,run,8
1784731352,IO,WalSync,1
1784731352,LWLock,WALInsert,1
1784731353,IO,WalInitSync,1
1784731353,LWLock,WALWrite,33
1784731354,CPU,run,6
1784731354,IO,WalSync,1
1784731354,LWLock,BufferContent,2
1784731354,LWLock,WALInsert,1
1784731354,LWLock,WALWrite,10
1784731355,CPU,run,2
1784731355,IO,WalInitWrite,1
1784731355,LWLock,WALWrite,31
1784731356,IO,WalInitSync,1
1784731356,LWLock,WALWrite,33
1784731357,CPU,run,7
1784731357,LWLock,WALWrite,4
1784731358,IO,WalInitSync,1
1784731358,Lock,transactionid,1
1784731358,LWLock,WALWrite,33
1784731360,IO,WalSync,1
1784731360,LWLock,WALWrite,33
1784731361,IO,WalInitSync,1
1784731361,LWLock,WALWrite,33
1784731362,CPU,run,6
1784731362,IO,WalSync,1
1784731362,LWLock,WALWrite,10
1784731363,Client,ClientRead,8
1784731363,CPU,run,8
1784731363,LWLock,LockManager,1
1784731363,LWLock,WALWrite,9
1784731364,Client,ClientRead,7
1784731364,CPU,run,2
1784731364,IO,WalSync,1
1784731364,LWLock,WALWrite,3
1784731365,CPU,run,8
1784731365,IO,WalSync,1
1784731365,LWLock,ProcArray,1
1784731365,LWLock,WALWrite,4
1784731366,Client,ClientRead,1
1784731366,CPU,run,7
1784731366,IO,WalWrite,1
1784731366,LWLock,WALWrite,13
1784731367,CPU,run,2
1784731369,CPU,run,15
1784731369,IO,WalSync,1
1784731369,Lock,extend,2
1784731369,LWLock,BufferContent,1
1784731369,LWLock,LockManager,1
1784731369,LWLock,WALWrite,7
1784731370,Client,ClientRead,1
1784731370,CPU,run,10
1784731370,LWLock,WALWrite,2
1784731371,Client,ClientRead,5
1784731371,CPU,run,5
1784731372,Client,ClientRead,11
1784731372,CPU,run,4
1784731372,LWLock,WALWrite,4
1784731373,Client,ClientRead,2
1784731373,CPU,run,9
1784731373,IO,WalSync,1
1784731373,LWLock,WALWrite,1
1784731374,CPU,run,14
1784731374,LWLock,LockManager,1
1784731374,LWLock,WALWrite,15
1784731375,CPU,run,8
1784731375,IO,WalSync,1
1784731375,LWLock,LockManager,2
1784731375,LWLock,WALInsert,1
1784731375,LWLock,WALWrite,7
1784731376,Client,ClientRead,2
1784731376,CPU,run,1
1784731376,IO,WalSync,1
1784731378,CPU,run,4
1784731378,IO,WalSync,1
1784731378,LWLock,WALInsert,1
1784731378,LWLock,WALWrite,13
1784731379,CPU,run,4
1784731379,IO,WalInitSync,1
1784731379,LWLock,WALWrite,29
1784731380,Client,ClientRead,7
1784731380,CPU,run,6
1784731380,LWLock,WALWrite,2
1784731381,Client,ClientRead,3
1784731381,CPU,run,6
1784731381,LWLock,WALWrite,3
1784731382,CPU,run,15
1784731382,LWLock,BufferContent,1
1784731382,LWLock,WALWrite,10
1784731383,Client,ClientRead,3
1784731383,CPU,run,13
1784731383,IO,WalSync,1
1784731383,LWLock,WALWrite,7
1784731384,Client,ClientRead,3
1784731384,CPU,run,7
1784731384,IO,WalSync,1
1784731384,LWLock,WALWrite,4
1784731385,Client,ClientRead,8
1784731385,CPU,run,7
1784731385,IO,WalSync,1
1784731385,LWLock,BufferContent,1
1784731385,LWLock,WALInsert,1
1784731385,LWLock,WALWrite,5
1784731387,CPU,run,15
1784731387,IO,WalSync,1
1784731387,LWLock,WALWrite,18
1784731388,Client,ClientRead,3
1784731388,CPU,run,10
1784731388,IO,WalSync,1
1784731388,LWLock,WALWrite,2
1784731389,CPU,run,9
1784731389,IO,WalSync,1
1784731389,LWLock,BufferContent,1
1784731389,LWLock,WALWrite,14
1784731390,Client,ClientRead,3
1784731390,CPU,run,5
1784731390,LWLock,BufferContent,8
1784731390,LWLock,ProcArray,1
1784731390,LWLock,WALWrite,9
1784731391,Client,ClientRead,1
1784731391,CPU,run,8
1784731391,IO,WalSync,1
1784731391,Lock,extend,4
1784731391,LWLock,WALWrite,8
1784731392,IO,WalSync,1
1784731392,LWLock,WALWrite,33
1784731393,IO,WalInitSync,1
1784731393,Lock,transactionid,1
1784731393,LWLock,WALWrite,33
1784731394,Client,ClientRead,1
1784731394,CPU,run,6
1784731394,IO,WalSync,1
1784731395,CPU,run,4
1784731395,IO,WalSync,1
1784731395,LWLock,WALWrite,22
1784731397,CPU,run,12
1784731397,LWLock,BufferContent,1
1784731397,LWLock,WALWrite,12
1784731398,IO,WalInitSync,1
1784731398,LWLock,WALWrite,33
1784731399,Client,ClientRead,2
1784731399,CPU,run,3
1784731399,IO,WalSync,1
1784731400,CPU,run,4
1784731400,IO,WalSync,1
1784731400,Lock,extend,3
1784731400,LWLock,BufferContent,1
1784731400,LWLock,WALWrite,4
1784731401,CPU,run,9
1784731401,IO,WalSync,1
1784731401,LWLock,BufferContent,1
1784731401,LWLock,WALInsert,2
1784731401,LWLock,WALWrite,19
1784731402,CPU,run,12
1784731402,IO,WalSync,1
1784731402,LWLock,BufferContent,1
1784731402,LWLock,WALWrite,8
1784731403,Client,ClientRead,1
1784731403,CPU,run,4
1784731403,IO,WalSync,1
1784731403,Lock,extend,13
1784731403,Lock,transactionid,1
1784731403,LWLock,WALWrite,9
1784731405,CPU,run,4
1784731405,IO,WalSync,1
1784731405,LWLock,WALWrite,2
1784731406,CPU,run,13
1784731406,IO,WalSync,1
1784731406,Lock,extend,4
1784731406,LWLock,WALInsert,2
1784731406,LWLock,WALWrite,3
1784731407,Client,ClientRead,2
1784731407,CPU,run,6
1784731407,LWLock,WALWrite,10
1784731408,Client,ClientRead,1
1784731408,CPU,run,12
1784731408,IO,DataFileExtend,1
1784731408,IO,WalSync,1
1784731408,LWLock,WALWrite,11
1784731409,Client,ClientRead,3
1784731409,CPU,run,8
1784731409,LWLock,BufferContent,6
1784731409,LWLock,WALInsert,1
1784731409,LWLock,WALWrite,4
1784731410,CPU,run,12
1784731410,IO,WalSync,1
1784731410,LWLock,LockManager,4
1784731410,LWLock,WALWrite,4
1784731411,CPU,run,1
1784731411,IO,WalInitWrite,1
1784731411,LWLock,WALWrite,32
1784731413,Client,ClientRead,7
1784731413,CPU,run,12
1784731413,LWLock,WALWrite,5
1784731413,Timeout,SpinDelay,3
1784731414,Client,ClientRead,1
1784731414,CPU,run,4
1784731414,Lock,extend,2
1784731414,LWLock,BufferContent,6
1784731414,LWLock,WALWrite,4
1784731414,LWLock,XactSLRU,1
1784731415,CPU,run,9
1784731415,Lock,extend,8
1784731415,LWLock,WALWrite,7
1784731416,Client,ClientRead,1
1784731416,CPU,run,9
1784731416,LWLock,BufferContent,9
1784731416,LWLock,WALInsert,1
1784731416,LWLock,WALWrite,1
1784731417,CPU,run,1
1784731417,IO,WalInitSync,1
1784731417,LWLock,WALWrite,33
1784731418,CPU,run,3
1784731418,IO,WalSync,1
1784731418,LWLock,WALWrite,31
1784731419,Client,ClientRead,2
1784731419,CPU,run,19
1784731419,IO,WalSync,1
1784731419,LWLock,BufferContent,1
1784731419,LWLock,WALWrite,2
1784731420,Client,ClientRead,1
1784731420,CPU,run,6
1784731422,CPU,run,11
1784731422,IO,WalInitWrite,1
1784731422,LWLock,WALWrite,6
1784731423,Client,ClientRead,7
1784731423,CPU,run,3
1784731423,IPC,ProcarrayGroupUpdate,1
1784731423,LWLock,BufferContent,2
1784731423,LWLock,WALWrite,5
1784731424,CPU,run,7
1784731424,IO,WalInitSync,1
1784731424,Lock,transactionid,2
1784731424,LWLock,WALWrite,25
1784731425,CPU,run,11
1784731425,IO,WalWrite,1
1784731425,Lock,extend,2
1784731425,LWLock,BufferContent,1
1784731425,LWLock,WALWrite,7
1784731426,Client,ClientRead,6
1784731426,CPU,run,11
1784731426,IO,DataFileExtend,1
1784731426,LWLock,BufferContent,3
1784731426,LWLock,ProcArray,1
1784731426,LWLock,WALInsert,1
1784731426,LWLock,WALWrite,9
1784731427,Client,ClientRead,1
1784731427,CPU,run,5
1784731427,IO,WalSync,1
1784731427,LWLock,WALWrite,21
1784731428,Client,ClientRead,6
1784731428,CPU,run,14
1784731428,LWLock,ProcArray,1
1784731428,LWLock,WALWrite,7
1784731430,CPU,run,1
1784731430,IO,WalSync,1
1784731430,LWLock,WALWrite,32
1784731431,CPU,run,12
1784731431,IO,DataFileExtend,1
1784731431,LWLock,WALWrite,2
1784731432,Client,ClientRead,13
1784731432,CPU,run,1
1784731432,LWLock,WALWrite,3
1784731433,Client,ClientRead,1
1784731433,CPU,run,9
1784731433,IO,WalSync,1
1784731433,Lock,extend,2
1784731433,LWLock,BufferContent,1
1784731433,LWLock,WALInsert,1
1784731433,LWLock,WALWrite,9
1784731434,IO,WalInitSync,1
1784731434,LWLock,WALWrite,33
1784731435,CPU,run,17
1784731435,LWLock,BufferContent,2
1784731435,LWLock,WALWrite,3
1784731436,CPU,run,6
1784731436,IO,DataFileExtend,1
1784731436,LWLock,WALWrite,1
1784731437,Client,ClientRead,6
1784731437,CPU,run,10
1784731437,LWLock,WALWrite,3
1784731438,Client,ClientRead,4
1784731438,CPU,run,9
1784731438,LWLock,WALWrite,11
1784731440,Client,ClientRead,2
1784731440,CPU,run,6
1784731440,IO,WalSync,1
1784731440,IPC,ProcarrayGroupUpdate,1
1784731440,LWLock,ProcArray,1
1784731441,Client,ClientRead,3
1784731441,CPU,run,12
1784731442,Client,ClientRead,1
1784731442,CPU,run,11
1784731442,IO,WalSync,1
1784731442,LWLock,WALWrite,1
1784731443,Client,ClientRead,2
1784731443,CPU,run,10
1784731443,IO,WalWrite,1
1784731443,LWLock,WALWrite,3
1784731444,Client,ClientRead,2
1784731444,CPU,run,7
1784731444,IO,WalSync,1
1784731444,LWLock,WALWrite,3
1784731445,CPU,run,9
1784731445,LWLock,WALWrite,2
1784731446,CPU,run,14
1784731446,IO,WalSync,1
1784731447,Client,ClientRead,3
1784731447,CPU,run,5
1784731447,LWLock,WALWrite,2
1784731449,Client,ClientRead,5
1784731449,CPU,run,13
1784731449,LWLock,BufferContent,1
1784731449,LWLock,WALWrite,3
1784731450,Client,ClientRead,7
1784731450,CPU,run,5
1784731450,IO,WalSync,1
1784731450,LWLock,WALWrite,1
1784731451,Client,ClientRead,1
1784731451,CPU,run,7
1784731451,IO,WalSync,1
1784731451,LWLock,WALWrite,16
1784731452,Client,ClientRead,3
1784731452,CPU,run,15
1784731453,Client,ClientRead,6
1784731453,CPU,run,7
1784731454,Client,ClientRead,4
1784731454,CPU,run,9
1784731454,IO,WalSync,1
1784731454,LWLock,WALWrite,2
1784731455,CPU,run,2
1784731455,LWLock,WALWrite,1
1784731456,CPU,run,12
1784731456,IO,WalSync,1
1784731456,LWLock,WALWrite,9
1784731458,Client,ClientRead,2
1784731458,CPU,run,8
1784731458,IO,WalSync,1
1784731458,LWLock,BufferContent,1
1784731458,LWLock,WALInsert,1
1784731458,LWLock,WALWrite,6
1784731459,CPU,run,15
1784731459,IO,WalSync,1
1784731459,LWLock,WALWrite,5
1784731460,CPU,run,12
1784731460,IO,WalSync,1
1784731460,LWLock,WALWrite,17
1784731461,CPU,run,7
1784731461,IO,WalSync,1
1784731461,LWLock,WALWrite,25
1784731462,CPU,run,10
1784731462,Lock,extend,9
1784731462,LWLock,WALWrite,3
1784731463,IO,WalInitSync,1
1784731463,LWLock,WALWrite,34
1784731464,CPU,run,6
1784731464,IO,WalSync,1
1784731464,LWLock,WALWrite,11
1784731465,CPU,run,9
1784731465,LWLock,BufferContent,7
1784731465,LWLock,BufferMapping,1
1784731465,LWLock,WALInsert,4
1784731465,LWLock,XactSLRU,1
1784731467,CPU,run,8
1784731467,IO,WalSync,1
1784731467,Lock,extend,6
1784731467,LWLock,LockManager,1
1784731467,LWLock,WALWrite,8
1784731468,CPU,run,13
1784731468,IO,WalSync,1
1784731468,LWLock,WALInsert,1
1784731468,LWLock,WALWrite,11
1784731469,Client,ClientRead,7
1784731469,CPU,run,7
1784731469,IO,WalSync,1
1784731469,Lock,extend,1
1784731469,LWLock,WALWrite,15
1784731470,Client,ClientRead,9
1784731470,CPU,run,6
1784731470,IO,WalSync,1
1784731470,LWLock,WALWrite,8
1784731471,CPU,run,2
1784731471,LWLock,WALWrite,1
1784731472,Client,ClientRead,4
1784731472,CPU,run,6
1784731472,LWLock,WALWrite,3
1784731473,CPU,run,13
1784731473,LWLock,BufferContent,1
1784731473,LWLock,LockManager,3
1784731473,LWLock,WALWrite,11
1784731475,Client,ClientRead,2
1784731475,CPU,run,13
1784731475,IO,DataFileExtend,1
1784731475,Lock,extend,4
1784731475,LWLock,BufferContent,2
1784731475,LWLock,ProcArray,1
1784731476,Client,ClientRead,2
1784731476,CPU,run,5
1784731476,Lock,extend,5
1784731476,LWLock,BufferContent,11
1784731476,LWLock,WALInsert,1
1784731476,LWLock,WALWrite,2
1784731477,CPU,run,4
1784731477,IO,WalSync,1
1784731477,LWLock,LockManager,1
1784731477,LWLock,WALWrite,25
1784731478,Client,ClientRead,1
1784731478,CPU,run,4
1784731478,IPC,XactGroupUpdate,6
1784731478,LWLock,BufferContent,1
1784731478,LWLock,XactSLRU,2
1784731479,CPU,run,6
1784731479,IO,WalSync,1
1784731479,LWLock,WALWrite,10
1784731480,CPU,run,15
1784731480,LWLock,WALWrite,2
1784731481,Client,ClientRead,1
1784731481,CPU,run,6
1784731481,IO,DataFileExtend,1
1784731481,IO,WalSync,1
1784731481,LWLock,WALWrite,16
1784731482,CPU,run,2
1784731482,IO,WalInitSync,1
1784731482,LWLock,WALWrite,31
1784731484,IO,WalSync,1
1784731484,Lock,transactionid,1
1784731484,LWLock,WALWrite,33
1784731485,CPU,run,12
1784731485,IO,WalSync,1
1784731485,LWLock,WALWrite,10
1784731486,CPU,run,7
1784731486,IO,WalSync,1
1784731486,Lock,extend,6
1784731486,LWLock,WALWrite,19
1784731487,Client,ClientRead,5
1784731487,CPU,run,8
1784731487,LWLock,BufferContent,1
1784731487,LWLock,XactSLRU,2
1784731487,Timeout,SpinDelay,10
1784731488,Client,ClientRead,1
1784731488,CPU,run,12
1784731488,LWLock,WALWrite,6
1784731489,CPU,run,1
1784731490,CPU,run,14
1784731490,IO,WalSync,1
1784731490,Lock,extend,7
1784731490,LWLock,WALWrite,4
1784731492,Client,ClientRead,1
1784731492,CPU,run,10
1784731492,IO,WalSync,1
1784731492,IPC,ProcarrayGroupUpdate,1
1784731492,LWLock,ProcArray,1
1784731492,LWLock,WALWrite,10
1784731493,CPU,run,4
1784731493,LWLock,BufferContent,13
1784731493,LWLock,WALInsert,13
1784731493,Timeout,SpinDelay,3
1784731494,CPU,run,9
1784731494,LWLock,WALWrite,9
1784731495,CPU,run,12
1784731495,IO,WalSync,1
1784731495,LWLock,BufferContent,4
1784731496,Client,ClientRead,5
1784731496,CPU,run,1
1784731496,Lock,extend,1
1784731496,LWLock,BufferContent,1
1784731496,LWLock,WALWrite,8
1784731497,CPU,run,7
1784731497,Lock,extend,9
1784731497,LWLock,WALWrite,8
1784731499,Client,ClientRead,1
1784731499,CPU,run,2
1784731499,IO,WalSync,1
1784731500,Client,ClientRead,3
1784731500,CPU,run,9
1784731502,Client,ClientRead,5
1784731502,CPU,run,10
1784731503,Client,ClientRead,1
1784731503,CPU,run,12
1784731503,IO,WalSync,1
1784731503,LWLock,WALWrite,9
1784731504,CPU,run,1
1784731504,IO,WalInitSync,1
1784731504,LWLock,WALWrite,32
1784731505,Client,ClientRead,1
1784731505,CPU,run,6
1784731505,IO,WalSync,1
1784731505,LWLock,WALWrite,17
1784731506,Client,ClientRead,5
1784731506,CPU,run,3
1784731507,Client,ClientRead,1
1784731507,CPU,run,10
1784731507,LWLock,WALWrite,10
1784731508,CPU,run,4
1784731508,IO,WalSync,1
1784731508,Lock,extend,7
1784731508,LWLock,WALWrite,9
1784731509,Client,ClientRead,1
1784731509,CPU,run,13
1784731509,LWLock,WALWrite,8
1784731511,CPU,run,2
1784731511,IO,WalInitSync,1
1784731511,LWLock,WALWrite,31
1784731512,CPU,run,5
1784731512,IO,WalSync,1
1784731512,LWLock,WALWrite,6
1784731513,Client,ClientRead,10
1784731513,CPU,run,3
1784731513,Lock,extend,5
1784731513,LWLock,WALWrite,5
1784731514,Client,ClientRead,7
1784731514,CPU,run,11
1784731514,LWLock,WALWrite,1
1784731515,Client,ClientRead,3
1784731515,CPU,run,11
1784731515,LWLock,WALWrite,9
1784731516,CPU,run,16
1784731517,Client,ClientRead,1
1784731517,CPU,run,8
1784731517,LWLock,WALWrite,7
1784731518,CPU,run,7
1784731518,IO,WalSync,1
1784731518,LWLock,BufferContent,1
1784731518,LWLock,WALWrite,6
1784731520,CPU,run,1
1784731520,IO,WalInitSync,1
1784731520,LWLock,WALWrite,32
1784731521,CPU,run,11
1784731521,IO,WalSync,1
1784731521,LWLock,BufferContent,9
1784731521,LWLock,WALWrite,2
1784731522,CPU,run,12
1784731522,IO,WalSync,1
1784731522,LWLock,WALWrite,3
1784731523,Client,ClientRead,1
1784731523,CPU,run,4
1784731523,Lock,extend,4
1784731523,LWLock,BufferContent,1
1784731523,LWLock,WALWrite,16
1784731524,CPU,run,9
1784731524,IO,DataFileExtend,1
1784731524,IO,WalSync,1
1784731524,Lock,extend,1
1784731524,LWLock,WALWrite,12
1784731525,CPU,run,8
1784731525,IO,WalSync,1
1784731525,LWLock,BufferContent,1
1784731525,LWLock,WALWrite,17
1784731526,Client,ClientRead,3
1784731526,CPU,run,11
1784731526,LWLock,ProcArray,1
1784731526,LWLock,WALInsert,1
1784731526,LWLock,WALWrite,7
1784731526,LWLock,XactSLRU,1
1784731527,CPU,run,9
1784731527,LWLock,BufferContent,1
1784731527,LWLock,WALInsert,2
1784731527,LWLock,WALWrite,15
1784731529,Client,ClientRead,1
1784731529,CPU,run,7
1784731529,Lock,extend,3
1784731529,LWLock,BufferContent,2
1784731529,LWLock,WALWrite,7
1784731530,Client,ClientRead,1
1784731530,CPU,run,3
1784731530,IO,WalInitSync,1
1784731530,LWLock,WALWrite,29
1784731531,CPU,run,10
1784731531,LWLock,WALWrite,9
1784731532,Client,ClientRead,3
1784731532,CPU,run,4
1784731532,LWLock,BufferContent,6
1784731532,LWLock,WALWrite,5
1784731533,CPU,run,8
1784731533,IO,WalSync,1
1784731533,LWLock,BufferContent,1
1784731533,LWLock,WALWrite,13
1784731534,CPU,run,11
1784731534,IO,WalSync,1
1784731534,LWLock,WALWrite,8
1784731535,CPU,run,13
1784731535,IO,WalSync,1
1784731535,LWLock,BufferContent,2
1784731535,LWLock,WALWrite,5
1784731537,CPU,run,7
1784731537,IO,WalSync,1
1784731537,LWLock,WALWrite,7
1784731538,CPU,run,10
1784731538,IO,WalSync,1
1784731538,LWLock,WALWrite,20
1784731539,CPU,run,3
1784731539,IO,WalSync,1
1784731539,Lock,extend,1
1784731539,Lock,transactionid,1
1784731539,LWLock,BufferContent,2
1784731539,LWLock,BufferMapping,1
1784731539,LWLock,WALWrite,14
1784731540,CPU,run,7
1784731540,LWLock,BufferContent,2
1784731540,LWLock,WALWrite,11
1784731541,CPU,run,8
1784731541,IO,WalSync,1
1784731541,Lock,extend,9
1784731541,LWLock,LockManager,1
1784731541,LWLock,WALWrite,2
1784731542,CPU,run,13
1784731542,IO,WalWrite,1
1784731542,Lock,extend,1
1784731542,LWLock,BufferContent,1
1784731542,LWLock,WALWrite,3
1784731542,Timeout,SpinDelay,2
1784731543,CPU,run,4
1784731543,IO,WalSync,1
1784731543,Lock,extend,7
1784731543,Lock,transactionid,1
1784731543,LWLock,BufferContent,1
1784731543,LWLock,WALWrite,6
1784731544,CPU,run,10
1784731544,IO,WalSync,1
1784731544,LWLock,BufferContent,2
1784731544,LWLock,LockManager,2
1784731544,LWLock,ProcArray,2
1784731544,LWLock,WALWrite,8
1784731546,CPU,run,2
1784731546,IO,WalSync,1
1784731546,LWLock,WALWrite,6
1784731547,Client,ClientRead,3
1784731547,CPU,run,13
1784731547,Lock,extend,3
1784731547,LWLock,WALWrite,1
1784731548,Client,ClientRead,1
1784731548,CPU,run,9
1784731548,IO,WalSync,1
1784731548,LWLock,WALWrite,10
1784731549,CPU,run,5
1784731550,Client,ClientRead,1
1784731550,CPU,run,6
1784731550,IO,WalSync,1
1784731550,Lock,extend,3
1784731550,LWLock,WALWrite,3
1784731551,Client,ClientRead,5
1784731551,CPU,run,6
1784731551,LWLock,WALWrite,9
1784731552,Client,ClientRead,1
1784731552,CPU,run,4
1784731552,IO,DataFileExtend,1
1784731552,IO,WalSync,1
1784731552,LWLock,WALWrite,9
1784731554,CPU,run,10
1784731554,IO,WalSync,1
1784731554,Lock,extend,2
1784731554,Lock,transactionid,1
1784731554,LWLock,WALWrite,10
1784731555,CPU,run,10
1784731555,IO,WalSync,1
1784731555,LWLock,WALWrite,5
1784731556,Client,ClientRead,9
1784731556,CPU,run,9
1784731556,LWLock,BufferContent,4
1784731556,LWLock,WALInsert,1
1784731556,LWLock,WALWrite,5
1784731557,CPU,run,20
1784731558,Client,ClientRead,2
1784731558,CPU,run,9
1784731558,IO,WalSync,1
1784731558,LWLock,WALWrite,1
1784731559,Client,ClientRead,1
1784731559,CPU,run,1
1784731559,IO,WalSync,1
1784731560,CPU,run,10
1784731560,IO,WalSync,1
1784731560,LWLock,WALWrite,19
1784731561,CPU,run,10
1784731561,IO,WalSync,1
1784731561,LWLock,BufferContent,1
1784731561,LWLock,WALWrite,4
1784731563,CPU,run,1
1784731563,IO,WalInitSync,1
1784731563,LWLock,WALWrite,34
1784731564,Client,ClientRead,1
1784731564,CPU,run,1
1784731565,Client,ClientRead,3
1784731565,CPU,run,6
1784731565,IO,WalWrite,1
1784731565,LWLock,BufferContent,2
1784731565,LWLock,WALWrite,20
1784731566,CPU,run,5
1784731566,IO,WalSync,1
1784731566,LWLock,BufferContent,2
1784731566,LWLock,WALWrite,10
1784731567,CPU,run,11
1784731567,IO,DataFileExtend,1
1784731567,Lock,extend,8
1784731567,LWLock,BufferContent,1
1784731567,LWLock,WALWrite,9
1784731568,CPU,run,8
1784731568,LWLock,BufferContent,3
1784731568,LWLock,WALInsert,1
1784731568,LWLock,WALWrite,18
1784731569,Client,ClientRead,1
1784731569,CPU,run,13
1784731569,IO,WalSync,2
1784731569,LWLock,WALWrite,2
1784731570,CPU,run,16
1784731570,LWLock,BufferContent,2
1784731570,LWLock,WALWrite,12
1784731573,Client,ClientRead,5
1784731573,CPU,run,8
1784731573,LWLock,WALWrite,4
1784731574,Client,ClientRead,3
1784731574,CPU,run,12
1784731574,IO,WalSync,1
1784731574,LWLock,WALWrite,4
1784731575,Client,ClientRead,5
1784731575,CPU,run,10
1784731575,LWLock,WALWrite,1
1784731576,CPU,run,14
1784731577,Client,ClientRead,5
1784731577,CPU,run,16
1784731577,LWLock,WALWrite,10
1784731578,Client,ClientRead,2
1784731578,CPU,run,9
1784731578,Lock,extend,1
1784731578,LWLock,WALWrite,10
1784731579,IO,WalInitSync,1
1784731579,LWLock,WALWrite,33
1784731581,Client,ClientRead,3
1784731581,CPU,run,10
1784731581,IO,WalWrite,1
1784731581,LWLock,WALWrite,13
1784731582,Client,ClientRead,2
1784731582,CPU,run,12
1784731582,IO,WalSync,1
1784731582,LWLock,WALWrite,2
1784731583,Client,ClientRead,4
1784731583,CPU,run,11
1784731584,Client,ClientRead,1
1784731584,CPU,run,7
1784731584,IO,WalSync,1
1784731584,Lock,extend,7
1784731584,LWLock,WALWrite,6
1784731585,Client,ClientRead,1
1784731585,CPU,run,11
1784731585,IO,WalSync,1
1784731585,Lock,extend,10
1784731585,LWLock,WALWrite,6
1784731586,IO,WalSync,1
1784731586,LWLock,WALWrite,22
1784731587,Client,ClientRead,1
1784731587,CPU,run,13
1784731587,IO,WalSync,2
1784731587,LWLock,WALWrite,1
1784731588,CPU,run,4
1784731588,IO,WalSync,1
1784731588,Lock,extend,5
1784731588,LWLock,BufferContent,2
1784731588,LWLock,WALWrite,12
1784731589,Client,ClientRead,3
1784731589,CPU,run,8
1784731589,Lock,extend,2
1784731589,LWLock,BufferContent,4
1784731589,LWLock,WALWrite,8
1784731591,Client,ClientRead,4
1784731591,CPU,run,6
1784731591,IO,WalSync,1
1784731591,LWLock,WALWrite,1
1784731592,IO,WalSync,1
1784731592,LWLock,WALWrite,33
1784731593,CPU,run,9
1784731593,IO,WalSync,1
1784731593,LWLock,BufferContent,1
1784731593,LWLock,WALWrite,7
1784731594,Client,ClientRead,1
1784731594,CPU,run,2
1784731594,IO,WalSync,1
1784731594,LWLock,WALWrite,7
1784731595,Client,ClientRead,2
1784731595,CPU,run,10
1784731595,IO,WalSync,1
1784731595,LWLock,WALWrite,2
1784731596,Client,ClientRead,11
1784731596,CPU,run,2
1784731596,IO,WalSync,1
1784731596,LWLock,BufferContent,7
1784731596,LWLock,WALWrite,9
1784731596,LWLock,XactSLRU,1
1784731597,CPU,run,6
1784731597,IO,DataFileExtend,1
1784731597,Lock,extend,5
1784731597,LWLock,BufferMapping,2
1784731597,LWLock,WALWrite,6
1784731598,CPU,run,6
1784731598,IO,WalSync,1
1784731598,LWLock,WALWrite,4
1784731600,Client,ClientRead,2
1784731600,CPU,run,6
1784731600,LWLock,BufferContent,1
1784731600,LWLock,WALWrite,6
1784731600,Timeout,SpinDelay,3
1784731601,Client,ClientRead,7
1784731601,CPU,run,8
1784731601,IO,DataFileExtend,1
1784731601,IO,WalSync,1
1784731601,LWLock,WALInsert,1
1784731601,LWLock,WALWrite,8
1784731602,Client,ClientRead,7
1784731602,CPU,run,1
1784731602,IO,WalSync,1
1784731602,Lock,extend,1
1784731602,LWLock,WALWrite,9
1784731603,CPU,run,13
1784731603,Lock,extend,7
1784731603,LWLock,WALWrite,4
1784731604,Client,ClientRead,2
1784731604,CPU,run,14
1784731604,Lock,extend,1
1784731604,LWLock,WALWrite,6
1784731605,CPU,run,12
1784731605,IO,WalSync,1
1784731605,LWLock,WALWrite,18
1784731606,CPU,run,13
1784731606,Lock,extend,1
1784731606,LWLock,WALWrite,6
1784731608,Client,ClientRead,6
1784731608,CPU,run,6
1784731608,LWLock,WALWrite,4
1784731609,CPU,run,3
1784731609,IO,WalWrite,1
1784731609,LWLock,WALWrite,7
1784731610,CPU,run,7
1784731610,IO,WalSync,1
1784731610,LWLock,WALWrite,23
1784731611,Client,ClientRead,2
1784731611,CPU,run,3
1784731611,IO,WalSync,1
1784731611,LWLock,WALWrite,5
1784731612,Client,ClientRead,2
1784731612,CPU,run,4
1784731612,IO,WalSync,1
1784731612,LWLock,LockManager,3
1784731612,LWLock,WALWrite,2
1784731613,CPU,run,8
1784731613,IO,WalWrite,1
1784731613,LWLock,WALWrite,8
1784731614,CPU,run,8
1784731614,IO,WalSync,1
1784731614,LWLock,WALWrite,21
1784731616,Client,ClientRead,1
1784731616,CPU,run,3
1784731616,IO,WalInitWrite,1
1784731616,LWLock,WALWrite,29
1784731617,CPU,run,14
1784731617,IO,WalSync,1
1784731617,LWLock,WALWrite,3
1784731617,Timeout,SpinDelay,1
1784731618,Client,ClientRead,1
1784731618,CPU,run,8
1784731618,LWLock,WALWrite,22
1784731619,CPU,run,13
1784731619,IO,WalSync,1
1784731619,LWLock,WALWrite,12
1784731620,CPU,run,10
1784731620,IO,WalSync,1
1784731620,LWLock,BufferContent,1
1784731620,LWLock,WALWrite,9
1784731621,CPU,run,3
1784731621,IO,DataFileExtend,1
1784731621,IO,WalSync,1
1784731621,Lock,extend,2
1784731621,LWLock,WALWrite,23
1784731622,CPU,run,8
1784731622,IO,WalSync,1
1784731622,LWLock,WALWrite,24
1784731623,CPU,run,2
1784731623,IO,WalSync,1
1784731623,LWLock,WALWrite,32
1784731625,Client,ClientRead,2
1784731625,CPU,run,9
1784731625,Lock,extend,11
1784731625,LWLock,WALWrite,4
1784731626,Client,ClientRead,1
1784731626,CPU,run,3
1784731626,IO,WalSync,1
1784731626,LWLock,LockManager,4
1784731626,LWLock,WALWrite,11
1784731627,Client,ClientRead,1
1784731627,CPU,run,8
1784731627,Lock,extend,1
1784731627,LWLock,WALWrite,19
1784731628,CPU,run,8
1784731628,IO,WalSync,1
1784731628,LWLock,BufferContent,1
1784731628,LWLock,WALInsert,1
1784731628,LWLock,WALWrite,19
1784731629,Client,ClientRead,1
1784731629,CPU,run,10
1784731629,IO,WalSync,1
1784731629,LWLock,WALWrite,6
1784731630,Client,ClientRead,2
1784731630,CPU,run,11
1784731630,IO,WalSync,1
1784731630,LWLock,LockManager,1
1784731630,LWLock,WALWrite,2
1784731631,CPU,run,10
1784731631,IO,WalSync,1
1784731631,LWLock,WALWrite,2
1784731632,CPU,run,14
1784731632,LWLock,ProcArray,2
1784731632,LWLock,WALWrite,6
1784731634,CPU,run,7
1784731634,IO,WalInitSync,1
1784731634,LWLock,WALWrite,17
1784731635,IO,WalSync,1
1784731635,LWLock,WALWrite,33
1784731636,CPU,run,13
1784731636,IO,DataFileExtend,1
1784731636,LWLock,BufferContent,3
1784731636,LWLock,WALWrite,10
1784731637,Client,ClientRead,1
1784731637,CPU,run,13
1784731637,LWLock,WALWrite,7
1784731638,CPU,run,12
1784731638,LWLock,BufferContent,1
1784731638,LWLock,WALWrite,5
1784731639,CPU,run,12
1784731639,LWLock,BufferContent,1
1784731639,LWLock,WALWrite,14
1784731640,Client,ClientRead,1
1784731640,CPU,run,7
1784731640,LWLock,WALWrite,2
1784731641,CPU,run,7
1784731641,IO,WalSync,1
1784731641,LWLock,WALWrite,7
1784731643,CPU,run,10
1784731643,IO,WalSync,1
1784731643,LWLock,WALWrite,7
1784731644,CPU,run,17
1784731644,LWLock,WALWrite,6
1784731645,CPU,run,12
1784731645,LWLock,LockManager,1
1784731645,LWLock,WALWrite,13
1784731646,CPU,run,6
1784731646,IO,WalSync,1
1784731646,LWLock,WALWrite,17
1784731647,CPU,run,11
1784731647,IO,WalSync,1
1784731647,LWLock,WALWrite,10
1784731648,CPU,run,7
1784731648,LWLock,WALWrite,15
1784731649,CPU,run,1
1784731649,LWLock,WALWrite,33
1784731650,CPU,run,7
1784731650,IO,WalSync,1
1784731650,LWLock,ProcArray,1
1784731650,LWLock,WALWrite,6
1784731652,Client,ClientRead,4
1784731652,CPU,run,9
1784731652,LWLock,WALWrite,1
1784731653,Client,ClientRead,1
1784731653,CPU,run,12
1784731653,IO,WalSync,1
1784731653,LWLock,WALWrite,3
1784731654,Client,ClientRead,1
1784731654,CPU,run,8
1784731654,IO,DataFileExtend,1
1784731654,IO,WalSync,1
1784731654,Lock,extend,2
1784731654,LWLock,WALWrite,13
1784731655,Client,ClientRead,1
1784731655,CPU,run,8
1784731655,LWLock,WALWrite,2
1784731656,Client,ClientRead,4
1784731656,CPU,run,10
1784731656,LWLock,WALWrite,10
1784731657,CPU,run,2
1784731657,IO,WalSync,1
1784731657,LWLock,WALWrite,11
1784731658,CPU,run,5
1784731658,IO,WalSync,1
1784731658,LWLock,BufferContent,1
1784731658,LWLock,WALWrite,14
1784731660,CPU,run,10
1784731660,Lock,transactionid,1
1784731660,LWLock,WALWrite,17
1784731661,Client,ClientRead,1
1784731661,CPU,run,13
1784731661,LWLock,WALWrite,8
1784731662,Client,ClientRead,1
1784731662,CPU,run,12
1784731662,LWLock,WALWrite,10
1784731663,Client,ClientRead,2
1784731663,CPU,run,4
1784731663,IO,WalSync,1
1784731663,LWLock,BufferContent,4
1784731663,LWLock,WALWrite,4
1784731664,CPU,run,9
1784731664,IO,WalSync,1
1784731664,Lock,transactionid,1
1784731664,LWLock,WALWrite,9
1784731665,IO,WalInitSync,1
1784731665,LWLock,WALWrite,33
1784731666,CPU,run,8
1784731666,IO,WalSync,1
1784731666,IPC,ProcarrayGroupUpdate,6
1784731666,LWLock,ProcArray,1
1784731666,LWLock,WALWrite,16
1784731668,CPU,run,14
1784731668,IO,DataFileExtend,1
1784731668,LWLock,WALWrite,14
1784731669,CPU,run,6
1784731669,IO,WalSync,1
1784731669,Lock,extend,9
1784731669,Lock,transactionid,1
1784731669,LWLock,WALWrite,14
1784731670,CPU,run,11
1784731670,IO,WalSync,1
1784731670,LWLock,WALWrite,3
1784731671,CPU,run,16
1784731671,IO,WalSync,1
1784731671,LWLock,WALWrite,5
1784731672,IO,WalInitWrite,1
1784731672,LWLock,WALWrite,33
1784731673,CPU,run,2
1784731673,IO,WalInitSync,1
1784731673,Lock,transactionid,1
1784731673,LWLock,WALWrite,32
1784731674,CPU,run,1
1784731674,IO,WalInitWrite,1
1784731674,LWLock,WALWrite,7
1784731675,IO,WalInitSync,1
1784731675,LWLock,WALWrite,33
1784731677,CPU,run,8
1784731677,IO,WalSync,1
1784731677,Lock,extend,1
1784731677,LWLock,WALWrite,22
1784731678,CPU,run,15
1784731678,IO,WalSync,1
1784731678,Lock,extend,1
1784731678,LWLock,WALWrite,12
1784731679,Client,ClientRead,2
1784731679,CPU,run,14
1784731679,Lock,extend,5
1784731679,LWLock,WALWrite,6
1784731680,IO,WalInitSync,1
1784731680,LWLock,WALWrite,33
1784731681,Client,ClientRead,1
1784731681,CPU,run,12
1784731681,IO,WalSync,1
1784731681,Lock,extend,4
1784731681,LWLock,WALWrite,13
1784731682,IO,WalInitSync,1
1784731682,LWLock,WALWrite,33
1784731683,Client,ClientRead,1
1784731683,CPU,run,10
1784731683,IO,WalSync,1
1784731683,LWLock,WALWrite,24
1784731685,CPU,run,14
1784731685,IO,WalWrite,1
1784731685,LWLock,WALWrite,12
1784731686,CPU,run,1
1784731686,IO,WalSync,1
1784731686,LWLock,WALWrite,17
1784731687,Client,ClientRead,1
1784731687,CPU,run,11
1784731687,Lock,extend,2
1784731687,LWLock,BufferContent,1
1784731687,LWLock,WALWrite,10
1784731688,Client,ClientRead,2
1784731688,CPU,run,8
1784731688,Lock,transactionid,1
1784731688,LWLock,WALWrite,9
1784731689,Client,ClientRead,4
1784731689,CPU,run,9
1784731689,IO,WalSync,1
1784731690,CPU,run,7
1784731690,IO,WalSync,1
1784731690,LWLock,BufferContent,1
1784731690,LWLock,WALWrite,8
1784731691,CPU,run,6
1784731691,IO,WalSync,1
1784731691,LWLock,WALWrite,26
1784731693,CPU,run,7
1784731693,IO,WalSync,1
1784731693,LWLock,WALWrite,3
1784731694,CPU,run,7
1784731694,IO,WalInitSync,1
1784731694,LWLock,WALWrite,27
1784731695,Client,ClientRead,1
1784731695,CPU,run,19
1784731695,IO,WalSync,1
1784731695,IPC,XactGroupUpdate,1
1784731695,LWLock,WALWrite,2
1784731696,Client,ClientRead,2
1784731696,CPU,run,16
1784731696,IO,WalSync,1
1784731696,LWLock,WALWrite,2
1784731697,CPU,run,18
1784731697,LWLock,WALWrite,11
1784731698,Client,ClientRead,4
1784731698,LWLock,WALWrite,1
1784731699,Client,ClientRead,4
1784731699,CPU,run,14
1784731699,LWLock,BufferContent,1
1784731699,LWLock,WALWrite,5
1784731700,CPU,run,5
1784731700,IO,WalSync,1
1784731700,LWLock,WALWrite,20
1784731702,Client,ClientRead,5
1784731702,CPU,run,2
1784731702,IO,WalSync,1
1784731702,LWLock,BufferContent,1
1784731702,LWLock,WALWrite,11
1784731703,Client,ClientRead,1
1784731703,CPU,run,10
1784731703,IO,WalSync,1
1784731703,LWLock,BufferContent,1
1784731703,LWLock,WALWrite,2
1784731704,CPU,run,4
1784731704,IO,WalWrite,1
1784731704,Lock,transactionid,1
1784731704,LWLock,WALWrite,2
1784731705,Client,ClientRead,4
1784731705,CPU,run,1
1784731706,Client,ClientRead,5
1784731706,CPU,run,7
1784731706,IO,WalSync,1
1784731706,LWLock,WALWrite,2
1784731707,CPU,run,9
1784731707,LWLock,WALWrite,3
1784731708,CPU,run,1
1784731709,Client,ClientRead,10
1784731709,CPU,run,5
1784731711,CPU,run,1
1784731711,IO,WalSync,1
1784731711,LWLock,WALWrite,3
1784731712,IO,WalInitSync,1
1784731712,LWLock,WALWrite,35
1784731713,Client,ClientRead,4
1784731713,CPU,run,9
1784731713,IO,WalSync,1
1784731713,LWLock,WALWrite,1
1784731714,CPU,run,1
1784731714,IO,WalInitSync,1
1784731714,Lock,transactionid,1
1784731714,LWLock,WALWrite,32
1784731715,Client,ClientRead,5
1784731715,CPU,run,6
1784731715,IO,WalSync,1
1784731715,LWLock,BufferContent,16
1784731715,LWLock,WALWrite,3
1784731716,CPU,run,13
1784731716,IO,WalSync,1
1784731716,LWLock,WALWrite,8
1784731717,CPU,run,6
1784731717,IO,WalSync,1
1784731717,LWLock,WALInsert,1
1784731717,LWLock,WALWrite,26
1784731718,Client,ClientRead,1
1784731718,CPU,run,5
1784731718,IO,WalSync,1
1784731720,Client,ClientRead,5
1784731720,CPU,run,11
1784731720,LWLock,BufferContent,2
1784731720,LWLock,WALInsert,1
1784731720,LWLock,WALWrite,11
1784731721,CPU,run,15
1784731721,LWLock,WALWrite,2
1784731722,CPU,run,12
1784731722,IO,WalSync,1
1784731722,LWLock,WALWrite,13
1784731723,Client,ClientRead,1
1784731723,CPU,run,12
1784731723,LWLock,WALWrite,7
1784731724,Client,ClientRead,1
1784731724,CPU,run,4
1784731724,IO,WalSync,1
1784731724,LWLock,WALWrite,21
1784731725,Client,ClientRead,27
1784731725,CPU,run,4
1784731725,LWLock,WALWrite,3
1784731726,Client,ClientRead,6
1784731726,CPU,run,3
1784731726,IO,WalSync,1
1784731726,LWLock,WALWrite,7
1784731728,CPU,run,5
1784731728,IO,DataFileExtend,1
1784731728,IO,WalSync,1
1784731728,LWLock,BufferContent,6
1784731728,LWLock,CheckpointerComm,1
1784731728,LWLock,WALWrite,18
1784731728,LWLock,XactSLRU,1
1784731729,Client,ClientRead,1
1784731729,CPU,run,8
1784731729,IO,WalWrite,1
1784731729,Lock,transactionid,1
1784731729,LWLock,BufferContent,3
1784731729,LWLock,WALInsert,2
1784731729,LWLock,WALWrite,13
1784731730,CPU,run,12
1784731730,Lock,extend,6
1784731730,LWLock,BufferMapping,1
1784731730,LWLock,WALWrite,13
1784731731,Client,ClientRead,1
1784731731,CPU,run,11
1784731731,IO,WalSync,1
1784731731,LWLock,WALWrite,20
1784731732,CPU,run,12
1784731732,LWLock,BufferContent,3
1784731732,LWLock,WALWrite,9
1784731733,CPU,run,7
1784731733,IO,WalSync,1
1784731733,LWLock,WALWrite,9
1784731734,CPU,run,1
1784731734,IO,WalSync,1
1784731734,LWLock,WALWrite,14
1784731736,CPU,run,8
1784731736,IO,WalSync,1
1784731736,LWLock,BufferContent,1
1784731736,LWLock,WALWrite,13
1784731737,CPU,run,8
1784731737,IO,WalSync,1
1784731737,LWLock,BufferContent,3
1784731737,LWLock,LockManager,1
1784731737,LWLock,WALWrite,5
1784731738,CPU,run,4
1784731738,IO,WalSync,1
1784731738,LWLock,WALWrite,4
1784731739,CPU,run,17
1784731740,CPU,run,8
1784731740,IO,WalSync,1
1784731740,LWLock,WALWrite,17
1784731741,Client,ClientRead,3
1784731741,CPU,run,7
1784731741,LWLock,WALWrite,19
1784731742,Client,ClientRead,5
1784731742,CPU,run,2
1784731742,IO,WalSync,1
1784731742,LWLock,WALInsert,1
1784731742,LWLock,WALWrite,3
1784731742,Timeout,SpinDelay,2
1784731743,CPU,run,12
1784731743,IO,WalSync,1
1784731743,Lock,extend,6
1784731743,Lock,transactionid,1
1784731743,LWLock,LockManager,2
1784731743,LWLock,WALWrite,11
1784731745,CPU,run,8
1784731745,IO,WalSync,1
1784731745,LWLock,BufferContent,2
1784731745,LWLock,WALWrite,10
1784731746,CPU,run,9
1784731746,IO,WalSync,1
1784731746,LWLock,WALWrite,3
1784731747,CPU,run,11
1784731747,IO,WalSync,1
1784731747,LWLock,BufferContent,1
1784731747,LWLock,WALWrite,7
1784731748,CPU,run,1
1784731748,IO,WalInitSync,1
1784731748,LWLock,WALWrite,33
1784731749,CPU,run,8
1784731749,IO,WalSync,1
1784731749,Lock,extend,5
1784731749,LWLock,WALWrite,6
1784731750,IO,WalSync,1
1784731750,LWLock,WALWrite,33
1784731751,Client,ClientRead,1
1784731751,CPU,run,11
1784731751,IO,WalSync,1
1784731751,Lock,extend,3
1784731751,LWLock,WALWrite,7
1784731752,CPU,run,12
1784731752,IO,WalSync,1
1784731752,Lock,extend,2
1784731752,LWLock,WALWrite,11
1784731754,CPU,run,2
1784731754,IO,WalInitSync,1
1784731754,Lock,transactionid,3
1784731754,LWLock,WALWrite,29
1784731755,CPU,run,13
1784731755,Lock,extend,1
1784731755,LWLock,BufferContent,3
1784731755,LWLock,WALWrite,9
1784731756,CPU,run,10
1784731756,IO,WalSync,1
1784731756,LWLock,WALWrite,2
1784731757,Client,ClientRead,1
1784731757,CPU,run,4
1784731757,IO,DataFileExtend,1
1784731757,IO,WalSync,1
1784731757,Lock,extend,2
1784731757,LWLock,WALWrite,4
1784731758,CPU,run,16
1784731758,IPC,ProcarrayGroupUpdate,1
1784731758,LWLock,ProcArray,1
1784731758,LWLock,WALWrite,11
1784731759,Client,ClientRead,5
1784731759,CPU,run,12
1784731759,LWLock,WALWrite,2
1784731760,Client,ClientRead,1
1784731760,CPU,run,9
1784731760,LWLock,WALWrite,5
1784731761,CPU,run,13
1784731761,IO,WalSync,1
1784731761,LWLock,WALWrite,4
1784731763,Client,ClientRead,2
1784731763,CPU,run,10
1784731763,LWLock,WALWrite,14
1784731764,Client,ClientRead,4
1784731764,CPU,run,4
1784731764,IO,WalSync,1
1784731764,LWLock,WALWrite,1
1784731765,Client,ClientRead,6
1784731765,CPU,run,9
1784731765,IO,WalSync,1
1784731765,LWLock,WALWrite,3
1784731766,CPU,run,12
1784731766,LWLock,WALWrite,8
1784731767,Client,ClientRead,1
1784731767,CPU,run,2
1784731767,IO,WalInitSync,1
1784731767,LWLock,WALWrite,17
1784731768,CPU,run,3
1784731768,IO,WalSync,1
1784731768,LWLock,WALWrite,4
1784731769,CPU,run,7
1784731769,IO,WalSync,1
1784731769,LWLock,ProcArray,2
1784731769,LWLock,WALWrite,10
1784731770,Client,ClientRead,8
1784731770,CPU,run,6
1784731770,LWLock,ProcArray,1
1784731770,LWLock,WALWrite,3
1784731772,Client,ClientRead,1
1784731772,CPU,run,8
1784731773,Client,ClientRead,5
1784731773,CPU,run,3
1784731773,IO,WalSync,2
1784731773,LWLock,WALWrite,6
1784731774,Client,ClientRead,1
1784731774,CPU,run,12
1784731774,IO,WalSync,1
1784731774,LWLock,BufferContent,10
1784731774,LWLock,WALWrite,4
1784731775,CPU,run,11
1784731775,IO,WalSync,1
1784731775,LWLock,BufferContent,1
1784731775,LWLock,WALWrite,10
1784731776,CPU,run,3
1784731776,IO,WalSync,1
1784731776,LWLock,WALWrite,24
1784731777,CPU,run,11
1784731777,Lock,extend,6
1784731777,LWLock,WALWrite,9
1784731778,Client,ClientRead,3
1784731778,CPU,run,9
1784731778,LWLock,WALWrite,1
1784731780,Client,ClientRead,2
1784731780,CPU,run,4
1784731780,LWLock,WALWrite,1
1784731781,Client,ClientRead,2
1784731781,CPU,run,6
1784731781,IO,WalSync,1
1784731781,Lock,extend,5
1784731781,LWLock,WALWrite,7
1784731782,Client,ClientRead,1
1784731782,IO,WalSync,1
1784731782,LWLock,WALWrite,24
1784731783,Client,ClientRead,8
1784731783,CPU,run,2
1784731783,IO,DataFileExtend,1
1784731783,IPC,XactGroupUpdate,2
1784731783,LWLock,BufferContent,1
1784731783,LWLock,WALWrite,4
1784731783,LWLock,XactSLRU,1
1784731784,CPU,run,6
1784731785,CPU,run,2
1784731785,IO,WalSync,1
1784731785,LWLock,WALWrite,14
1784731786,Client,ClientRead,6
1784731786,CPU,run,7
1784731787,Client,ClientRead,4
1784731787,CPU,run,3
1784731789,CPU,run,10
1784731789,LWLock,WALWrite,2
1784731790,Client,ClientRead,1
1784731790,CPU,run,10
1784731790,LWLock,WALWrite,22
1784731791,Client,ClientRead,7
1784731791,CPU,run,3
1784731791,IO,WalSync,1
1784731791,LWLock,WALWrite,1
1784731792,CPU,run,13
1784731792,IO,WalSync,1
1784731792,LWLock,WALWrite,4
1784731793,CPU,run,3
1784731793,IO,WalSync,1
1784731793,LWLock,BufferContent,1
1784731793,LWLock,WALWrite,20
1784731794,CPU,run,4
1784731794,IO,WalSync,1
1784731794,LWLock,WALWrite,5
1784731795,Client,ClientRead,16
1784731795,CPU,run,6
1784731795,IO,WalSync,1
1784731795,Lock,extend,4
1784731795,LWLock,WALWrite,1
1784731796,CPU,run,11
1784731796,LWLock,WALWrite,7
1784731798,Client,ClientRead,3
1784731798,CPU,run,8
1784731798,LWLock,WALWrite,2
1784731799,IO,WalInitSync,1
1784731799,Lock,transactionid,1
1784731799,LWLock,WALWrite,33
1784731800,CPU,run,19
1784731800,IPC,ProcarrayGroupUpdate,1
1784731800,LWLock,WALWrite,8
1784731801,Client,ClientRead,9
1784731801,CPU,run,9
1784731801,Lock,extend,7
1784731801,LWLock,WALWrite,3
1784731802,CPU,run,14
1784731802,IO,WalSync,1
1784731802,LWLock,BufferContent,1
1784731802,LWLock,WALWrite,15
1784731803,CPU,run,1
1784731803,LWLock,WALWrite,35
1784731804,Client,ClientRead,4
1784731804,CPU,run,5
1784731804,IO,WalSync,1
1784731804,IPC,ProcarrayGroupUpdate,2
1784731804,LWLock,BufferContent,1
1784731804,LWLock,WALWrite,2
1784731806,CPU,run,6
1784731806,IO,WalSync,1
1784731806,LWLock,BufferContent,12
1784731806,LWLock,WALInsert,2
1784731806,LWLock,WALWrite,6
1784731807,Client,ClientRead,6
1784731807,CPU,run,4
1784731807,IO,WalSync,1
1784731807,LWLock,WALWrite,16
1784731808,Client,ClientRead,3
1784731808,CPU,run,11
1784731808,IPC,ProcarrayGroupUpdate,1
1784731808,LWLock,WALInsert,7
1784731808,LWLock,WALWrite,6
1784731808,Timeout,SpinDelay,1
1784731809,Client,ClientRead,1
1784731809,CPU,run,14
1784731809,IPC,ProcarrayGroupUpdate,2
1784731809,Lock,transactionid,1
1784731809,LWLock,WALWrite,4
1784731810,IO,WalInitSync,1
1784731810,LWLock,WALWrite,35
1784731811,CPU,run,5
1784731811,IO,WalSync,1
1784731811,LWLock,BufferContent,1
1784731811,LWLock,WALWrite,20
1784731812,Client,ClientRead,2
1784731812,CPU,run,7
1784731812,IO,WalSync,1
1784731812,LWLock,WALWrite,11
1784731813,Client,ClientRead,4
1784731813,CPU,run,8
1784731813,IPC,ProcarrayGroupUpdate,1
1784731813,Lock,extend,2
1784731813,LWLock,BufferContent,3
1784731813,LWLock,WALWrite,7
1784731815,CPU,run,15
1784731815,IO,WalSync,1
1784731815,Lock,transactionid,1
1784731815,LWLock,BufferContent,1
1784731815,LWLock,WALWrite,5
1784731816,CPU,run,11
1784731816,LWLock,BufferContent,1
1784731816,LWLock,WALWrite,1
1784731817,IO,WalInitSync,1
1784731817,LWLock,WALWrite,23
1784731818,Client,ClientRead,7
1784731818,CPU,run,9
1784731818,IO,WalSync,1
1784731819,Client,ClientRead,3
1784731819,CPU,run,9
1784731819,IO,WalSync,1
1784731819,Lock,transactionid,1
1784731819,LWLock,WALWrite,7
1784731820,CPU,run,3
1784731820,IO,WalSync,1
1784731820,LWLock,WALWrite,30
1784731821,Client,ClientRead,4
1784731821,CPU,run,6
1784731821,LWLock,WALWrite,1
1784731823,Client,ClientRead,2
1784731823,CPU,run,6
1784731823,IO,WalSync,1
1784731823,LWLock,WALWrite,7
1784731824,Client,ClientRead,10
1784731824,CPU,run,9
1784731824,LWLock,WALWrite,10
1784731825,Client,ClientRead,1
1784731825,CPU,run,7
1784731825,IO,WalSync,1
1784731825,LWLock,BufferContent,1
1784731825,LWLock,WALWrite,9
1784731826,Client,ClientRead,3
1784731826,CPU,run,7
1784731826,IO,WalSync,1
1784731826,LWLock,WALWrite,12
1784731827,Client,ClientRead,6
1784731827,CPU,run,4
1784731828,CPU,run,14
1784731828,IO,WalSync,1
1784731828,LWLock,WALWrite,6
1784731829,CPU,run,8
1784731829,IO,WalSync,1
1784731829,LWLock,WALWrite,7
1784731830,CPU,run,3
1784731830,IO,WalSync,1
1784731830,LWLock,WALWrite,14
1784731832,CPU,run,14
1784731832,LWLock,WALWrite,7
1784731833,Client,ClientRead,7
1784731833,CPU,run,2
1784731833,IO,WalSync,1
1784731833,LWLock,WALWrite,10
1784731834,CPU,run,14
1784731834,IO,WalSync,1
1784731834,LWLock,BufferContent,1
1784731834,LWLock,WALWrite,16
1784731835,IO,WalSync,1
1784731835,LWLock,WALWrite,33
1784731836,Client,ClientRead,8
1784731836,CPU,run,3
1784731837,Client,ClientRead,2
1784731837,CPU,run,10
1784731837,IO,WalSync,1
1784731837,LWLock,WALWrite,9
1784731838,Client,ClientRead,5
1784731838,CPU,run,6
1784731838,IO,WalSync,1
1784731839,Client,ClientRead,2
1784731839,CPU,run,3
1784731839,IO,WalInitWrite,1
1784731839,LWLock,WALWrite,27
1784731841,Client,ClientRead,2
1784731841,CPU,run,11
1784731841,LWLock,BufferContent,3
1784731841,LWLock,WALWrite,2
1784731842,IO,WalInitWrite,1
1784731842,LWLock,WALWrite,33
1784731843,CPU,run,9
1784731843,IO,WalSync,1
1784731843,LWLock,WALWrite,8
1784731844,Client,ClientRead,14
1784731844,CPU,run,4
1784731844,Lock,extend,1
1784731844,LWLock,WALWrite,4
1784731845,CPU,run,12
1784731845,IO,WalSync,1
1784731845,LWLock,BufferContent,1
1784731845,LWLock,WALWrite,10
1784731846,Client,ClientRead,1
1784731846,CPU,run,18
1784731846,LWLock,WALInsert,2
1784731846,LWLock,WALWrite,12
1784731847,CPU,run,9
1784731847,IO,WalSync,1
1784731847,LWLock,WALWrite,20
1784731848,CPU,run,11
1784731848,LWLock,LockManager,1
1784731848,LWLock,WALWrite,7
1784731850,Client,ClientRead,2
1784731850,CPU,run,13
1784731850,IO,WalSync,1
1784731851,CPU,run,10
1784731851,IO,WalSync,1
1784731851,LWLock,WALWrite,6
1784731852,CPU,run,4
1784731853,Client,ClientRead,1
1784731853,CPU,run,9
1784731853,LWLock,WALWrite,5
1784731854,IO,WalInitSync,1
1784731854,LWLock,WALWrite,34
1784731855,CPU,run,7
1784731855,IO,WalSync,1
1784731855,LWLock,WALWrite,12
1784731856,Client,ClientRead,1
1784731856,CPU,run,7
1784731856,IO,WalSync,1
1784731856,LWLock,WALWrite,6
1784731857,Client,ClientRead,2
1784731857,CPU,run,13
1784731857,LWLock,ProcArray,1
1784731857,LWLock,WALWrite,4
1784731859,CPU,run,10
1784731859,IO,WalSync,1
1784731859,LWLock,BufferContent,1
1784731859,LWLock,WALWrite,13
1784731860,Client,ClientRead,3
1784731860,CPU,run,11
1784731860,LWLock,WALWrite,5
1784731861,CPU,run,7
1784731861,IO,WalSync,1
1784731861,LWLock,BufferContent,1
1784731861,LWLock,WALWrite,9
1784731862,Client,ClientRead,1
1784731862,CPU,run,12
1784731862,LWLock,WALWrite,16
1784731863,CPU,run,5
1784731863,LWLock,WALWrite,23
1784731863,Timeout,SpinDelay,1
1784731864,Client,ClientRead,3
1784731864,CPU,run,9
1784731864,LWLock,BufferContent,1
1784731864,LWLock,WALWrite,8
1784731865,CPU,run,1
1784731865,IO,WalInitSync,1
1784731865,LWLock,WALWrite,32
1784731867,CPU,run,13
1784731867,IO,WalSync,1
1784731867,LWLock,BufferContent,3
1784731867,LWLock,WALWrite,15
1784731868,CPU,run,11
1784731868,IO,DataFileExtend,1
1784731868,LWLock,BufferContent,2
1784731868,LWLock,WALWrite,3
1784731869,Client,ClientRead,2
1784731869,CPU,run,10
1784731871,CPU,run,9
1784731871,IO,WalSync,1
1784731871,LWLock,BufferContent,5
1784731871,LWLock,WALWrite,6
1784731872,Client,ClientRead,3
1784731872,CPU,run,7
1784731872,IO,WalWrite,1
1784731872,LWLock,WALWrite,5
1784731872,LWLock,XactSLRU,1
1784731873,Client,ClientRead,4
1784731873,CPU,run,15
1784731873,IO,WalSync,1
1784731873,LWLock,WALWrite,3
1784731874,Client,ClientRead,1
1784731874,CPU,run,11
1784731874,Lock,extend,4
1784731874,LWLock,BufferMapping,1
1784731874,LWLock,WALWrite,5
1784731876,Client,ClientRead,3
1784731876,CPU,run,8
1784731876,LWLock,BufferContent,1
1784731876,LWLock,WALWrite,1
1784731877,Client,ClientRead,2
1784731877,CPU,run,5
1784731877,IO,WalSync,1
1784731877,Lock,extend,4
1784731877,LWLock,WALWrite,5
1784731878,CPU,run,7
1784731878,IO,WalSync,1
1784731878,LWLock,WALWrite,2
1784731879,IO,WalInitSync,1
1784731879,LWLock,WALWrite,34
1784731880,Client,ClientRead,2
1784731880,CPU,run,7
1784731880,LWLock,BufferContent,1
1784731880,LWLock,WALWrite,4
1784731881,Client,ClientRead,1
1784731881,CPU,run,12
1784731881,IO,WalSync,1
1784731881,LWLock,WALWrite,7
1784731881,LWLock,XactSLRU,3
1784731882,CPU,run,5
1784731882,IO,WalSync,1
1784731882,LWLock,WALWrite,10
1784731884,Client,ClientRead,1
1784731884,CPU,run,11
1784731884,IO,WalSync,1
1784731884,LWLock,WALWrite,7
1784731885,CPU,run,10
1784731885,IO,WalSync,1
1784731885,LWLock,WALWrite,14
1784731886,Client,ClientRead,7
1784731886,CPU,run,10
1784731887,Client,ClientRead,6
1784731887,CPU,run,7
1784731888,Client,ClientRead,1
1784731888,CPU,run,11
1784731888,LWLock,BufferContent,1
1784731888,LWLock,WALWrite,3
1784731889,Client,ClientRead,8
1784731889,CPU,run,8
1784731889,IO,WalSync,1
1784731890,Client,ClientRead,2
1784731890,CPU,run,13
1784731890,IO,WalSync,1
1784731890,LWLock,WALWrite,3
1784731891,CPU,run,4
1784731891,IO,WalSync,1
1784731891,LWLock,WALWrite,15
1784731892,CPU,run,6
1784731892,LWLock,WALWrite,8
1784731894,Client,ClientRead,2
1784731894,CPU,run,8
1784731894,IO,WalSync,1
1784731894,Lock,extend,4
1784731894,Lock,transactionid,1
1784731894,LWLock,WALWrite,9
1784731895,IO,WalInitSync,1
1784731895,LWLock,WALWrite,33
1784731896,IO,WalInitSync,1
1784731896,LWLock,WALWrite,33
1784731897,Client,ClientRead,2
1784731897,CPU,run,5
1784731897,LWLock,WALWrite,5
1784731898,Client,ClientRead,5
1784731898,CPU,run,9
1784731898,IO,WalSync,1
1784731899,IO,WalInitSync,1
1784731899,LWLock,WALWrite,34
1784731900,CPU,run,5
1784731900,IO,WalInitWrite,1
1784731900,LWLock,WALWrite,28
1784731902,CPU,run,5
1784731902,IO,WalSync,1
1784731903,Client,ClientRead,3
1784731903,CPU,run,9
1784731903,IO,WalSync,1
1784731903,LWLock,WALWrite,15
1784731904,IO,WalSync,1
1784731904,Lock,transactionid,1
1784731904,LWLock,WALWrite,33
1784731905,CPU,run,7
1784731905,IO,WalInitSync,1
1784731905,LWLock,WALWrite,26
1784731906,CPU,run,12
1784731906,IO,WalWrite,1
1784731906,LWLock,BufferContent,2
1784731907,CPU,run,7
1784731907,IO,WalInitWrite,1
1784731907,LWLock,LockManager,2
1784731907,LWLock,WALWrite,25
1784731908,Client,ClientRead,2
1784731908,CPU,run,9
1784731908,IO,DataFileExtend,1
1784731908,LWLock,WALWrite,7
1784731909,CPU,run,8
1784731909,LWLock,WALWrite,21
1784731911,Client,ClientRead,1
1784731911,CPU,run,9
1784731911,IO,WalSync,1
1784731911,LWLock,WALWrite,6
1784731912,Client,ClientRead,1
1784731912,CPU,run,1
1784731912,IO,WalSync,1
1784731912,LWLock,WALWrite,3
1784731913,Client,ClientRead,2
1784731913,CPU,run,3
1784731913,LWLock,WALWrite,3
1784731914,Client,ClientRead,6
1784731914,CPU,run,2
1784731914,Lock,transactionid,1
1784731914,LWLock,WALWrite,9
1784731915,CPU,run,8
1784731915,IO,WalSync,1
1784731915,LWLock,BufferContent,1
1784731915,LWLock,LockManager,1
1784731915,LWLock,WALWrite,21
1784731916,CPU,run,11
1784731916,IO,WalSync,1
1784731916,IPC,ProcarrayGroupUpdate,1
1784731916,LWLock,WALWrite,4
1784731917,Client,ClientRead,1
1784731917,CPU,run,2
1784731917,LWLock,WALWrite,9
1784731918,Client,ClientRead,2
1784731918,CPU,run,17
1784731918,LWLock,BufferContent,1
1784731918,LWLock,WALWrite,10
1784731920,Client,ClientRead,2
1784731920,CPU,run,4
1784731920,IO,WalSync,1
1784731920,LWLock,WALWrite,1
1784731921,CPU,run,8
1784731921,IO,WalSync,1
1784731921,Lock,extend,8
1784731921,LWLock,WALWrite,16
1784731922,CPU,run,5
1784731922,IO,WalInitSync,1
1784731922,LWLock,WALWrite,27
1784731923,Client,ClientRead,3
1784731923,CPU,run,2
1784731923,IO,WalSync,1
1784731923,LWLock,WALWrite,3
1784731927,CPU,run,1
1784731929,CPU,run,1
1784731938,CPU,run,1
1784731963,CPU,run,1
1784731978,CPU,run,1
