1784705243,partition_consumers,8192,0,16384,0,0,0,0
1784705243,consumer_watermarks,8192,0,16384,0,0,0,0
1784705243,seg_dedup,0,0,8192,0,0,0,0
1784705243,seg_segments,8192,90112,16384,0,0,0,0
1784705243,seg_partitions,8192,0,16384,0,0,0,0
1784705253,partition_consumers,122880,0,16384,100,134,1,0
1784705253,consumer_watermarks,8192,0,16384,1,4,0,0
1784705253,seg_dedup,0,0,8192,0,0,0,0
1784705253,seg_segments,1507328,46063616,835584,16827,0,1,0
1784705253,seg_partitions,385024,0,16384,100,9271,1,0
1784705264,partition_consumers,122880,0,16384,100,175,1,0
1784705264,consumer_watermarks,8192,0,16384,1,4,0,0
1784705264,seg_dedup,0,0,8192,0,0,0,0
1784705264,seg_segments,2899968,89882624,1941504,32089,0,1,0
1784705264,seg_partitions,860160,0,16384,100,24533,1,0
1784705275,partition_consumers,122880,0,16384,100,217,1,0
1784705275,consumer_watermarks,8192,0,16384,1,8,0,0
1784705275,seg_dedup,0,0,8192,0,0,0,0
1784705275,seg_segments,4096000,128385024,2916352,47122,0,1,0
1784705275,seg_partitions,1253376,0,16384,100,39566,1,0
1784705285,partition_consumers,122880,0,16384,100,197,1,0
1784705285,consumer_watermarks,8192,0,16384,1,8,0,0
1784705285,seg_dedup,0,0,8192,0,0,0,0
1784705285,seg_segments,5029888,159080448,3678208,58702,0,1,0
1784705285,seg_partitions,1564672,0,16384,100,51146,1,0
1784705296,partition_consumers,122880,0,16384,100,270,1,0
1784705296,consumer_watermarks,8192,0,16384,1,8,0,0
1784705296,seg_dedup,0,0,8192,0,0,0,0
1784705296,seg_segments,5922816,187555840,4497408,69114,0,1,0
1784705296,seg_partitions,1835008,0,16384,100,61558,1,0
1784705307,partition_consumers,122880,0,16384,100,192,1,0
1784705307,consumer_watermarks,8192,0,16384,1,13,0,0
1784705307,seg_dedup,0,0,8192,0,0,0,0
1784705307,seg_segments,7004160,222978048,5693440,81365,0,1,0
1784705307,seg_partitions,2260992,0,16384,100,73809,1,0
1784705318,partition_consumers,122880,0,16384,100,187,2,0
1784705318,consumer_watermarks,8192,0,16384,1,13,0,0
1784705318,seg_dedup,0,0,8192,0,0,0,0
1784705318,seg_segments,8003584,256655360,6594560,93799,0,2,0
1784705318,seg_partitions,2260992,0,16384,100,12095,2,0
1784705329,partition_consumers,122880,0,16384,100,182,2,0
1784705329,consumer_watermarks,8192,0,16384,1,13,0,0
1784705329,seg_dedup,0,0,8192,0,0,0,0
1784705329,seg_segments,9060352,289619968,7413760,105458,0,2,0
1784705329,seg_partitions,2260992,0,16384,100,23754,2,0
1784705340,partition_consumers,835584,0,16384,100,1468,2,0
1784705340,consumer_watermarks,8192,0,16384,1,18,0,0
1784705340,seg_dedup,0,0,8192,0,0,0,0
1784705340,seg_segments,9723904,310542336,7782400,113638,0,2,0
1784705340,seg_partitions,2260992,0,57344,100,31934,2,0
1784705352,partition_consumers,1417216,0,16384,100,1193,2,0
1784705352,consumer_watermarks,8192,0,16384,1,18,0,0
1784705352,seg_dedup,0,0,8192,0,0,0,0
1784705352,seg_segments,10248192,328097792,8232960,119907,0,2,0
1784705352,seg_partitions,2260992,0,57344,100,38203,2,0
1784705363,partition_consumers,1949696,0,16384,100,2315,2,0
1784705363,consumer_watermarks,8192,0,16384,1,18,0,0
1784705363,seg_dedup,0,0,8192,0,0,0,0
1784705363,seg_segments,10797056,345464832,8970240,126300,0,2,0
1784705363,seg_partitions,2260992,0,57344,100,44596,2,0
1784705374,partition_consumers,2482176,0,16384,100,3224,3,0
1784705374,consumer_watermarks,8192,0,16384,1,23,0,0
1784705374,seg_dedup,0,0,8192,0,0,0,0
1784705374,seg_segments,11321344,364257280,9273344,133208,0,3,0
1784705374,seg_partitions,2260992,0,57344,100,3837,3,0
1784705386,partition_consumers,2482176,0,16384,100,1670,3,0
1784705386,consumer_watermarks,8192,0,16384,1,23,0,0
1784705386,seg_dedup,0,0,8192,0,0,0,0
1784705386,seg_segments,12025856,383688704,9863168,140270,0,3,0
1784705386,seg_partitions,2260992,0,57344,100,10899,3,0
1784705397,partition_consumers,2482176,0,16384,100,3237,3,0
1784705397,consumer_watermarks,8192,0,16384,1,31,0,0
1784705397,seg_dedup,0,0,8192,0,0,0,0
1784705397,seg_segments,12574720,401055744,10158080,146649,0,3,0
1784705397,seg_partitions,2260992,0,57344,100,17278,3,0
1784705408,partition_consumers,2482176,0,16384,100,1595,3,0
1784705408,consumer_watermarks,8192,0,16384,1,31,0,0
1784705408,seg_dedup,0,0,8192,0,0,0,0
1784705408,seg_segments,13123584,421519360,10690560,154064,0,3,0
1784705408,seg_partitions,2260992,0,57344,100,24693,3,0
1784705419,partition_consumers,2826240,0,16384,100,3755,3,0
1784705419,consumer_watermarks,8192,0,16384,1,31,0,0
1784705419,seg_dedup,0,0,8192,0,0,0,0
1784705419,seg_segments,13860864,444751872,11517952,162614,0,3,0
1784705419,seg_partitions,2260992,0,57344,100,33243,3,0
1784705430,partition_consumers,3260416,0,16384,100,3421,3,0
1784705430,consumer_watermarks,8192,0,16384,1,35,0,0
1784705430,seg_dedup,0,0,8192,0,0,0,0
1784705430,seg_segments,14483456,464191488,11902976,169680,0,3,0
1784705430,seg_partitions,2260992,0,57344,100,40309,3,0
1784705441,partition_consumers,3260416,0,16384,100,1008,4,0
1784705441,consumer_watermarks,8192,0,16384,1,35,0,0
1784705441,seg_dedup,0,0,8192,0,0,0,0
1784705441,seg_segments,15155200,483934208,12525568,177152,0,4,0
1784705441,seg_partitions,2260992,0,57344,100,11536,4,0
1784705452,partition_consumers,3260416,0,16384,100,1566,4,0
1784705452,consumer_watermarks,8192,0,16384,1,35,0,0
1784705452,seg_dedup,0,0,8192,0,0,0,0
1784705452,seg_segments,15654912,503349248,13156352,184451,0,4,0
1784705452,seg_partitions,2260992,0,57344,100,18835,4,0
1784705463,partition_consumers,3260416,0,16384,100,3365,4,0
1784705463,consumer_watermarks,8192,0,16384,1,37,0,0
1784705463,seg_dedup,0,0,8192,0,0,0,0
1784705463,seg_segments,16359424,524615680,13508608,192077,0,4,0
1784705463,seg_partitions,2260992,0,57344,100,26461,4,0
1784705474,partition_consumers,3260416,0,16384,100,3895,4,0
1784705474,consumer_watermarks,8192,0,16384,1,37,0,0
1784705474,seg_dedup,0,0,8192,0,0,0,0
1784705474,seg_segments,16949248,544423936,13975552,199491,0,4,0
1784705474,seg_partitions,2260992,0,57344,100,33875,4,0
1784705486,partition_consumers,3260416,0,16384,100,2035,4,0
1784705486,consumer_watermarks,8192,0,16384,1,43,0,0
1784705486,seg_dedup,0,0,8192,0,0,0,0
1784705486,seg_segments,17555456,563568640,14794752,206356,0,4,0
1784705486,seg_partitions,2506752,0,90112,100,40740,4,0
1784705497,partition_consumers,3260416,0,16384,100,5847,5,0
1784705497,consumer_watermarks,8192,0,16384,1,43,0,0
1784705497,seg_dedup,0,0,8192,0,0,0,0
1784705497,seg_segments,18104320,582246400,15032320,213067,0,5,0
1784705497,seg_partitions,2613248,0,90112,100,7942,5,0
1784705508,partition_consumers,3260416,0,16384,100,4764,5,0
1784705508,consumer_watermarks,8192,0,16384,1,43,0,0
1784705508,seg_dedup,0,0,8192,0,0,0,0
1784705508,seg_segments,18841600,603471872,15613952,220850,0,5,0
1784705508,seg_partitions,2613248,0,90112,100,15725,5,0
1784705519,partition_consumers,3776512,0,40960,100,6195,5,0
1784705519,consumer_watermarks,8192,0,16384,1,47,0,0
1784705519,seg_dedup,0,0,8192,0,0,0,0
1784705519,seg_segments,19374080,623665152,16351232,228282,0,5,0
1784705519,seg_partitions,2613248,0,98304,100,23157,5,0
1784705530,partition_consumers,4816896,0,40960,100,6895,5,0
1784705530,consumer_watermarks,8192,0,16384,1,47,0,0
1784705530,seg_dedup,0,0,8192,0,0,0,0
1784705530,seg_segments,19922944,640630784,16654336,234521,0,5,0
1784705530,seg_partitions,2613248,0,114688,100,29396,5,0
1784705541,partition_consumers,5816320,0,40960,100,7977,5,0
1784705541,consumer_watermarks,8192,0,16384,1,47,0,0
1784705541,seg_dedup,0,0,8192,0,0,0,0
1784705541,seg_segments,20463616,657489920,17252352,240777,0,5,0
1784705541,seg_partitions,2850816,0,122880,100,35652,5,0
1784705553,partition_consumers,6176768,0,40960,100,3444,6,0
1784705553,consumer_watermarks,8192,0,16384,1,0,1,0
1784705553,seg_dedup,0,0,8192,0,0,0,0
1784705553,seg_segments,20938752,670556160,17448960,245446,0,6,0
1784705553,seg_partitions,3072000,0,131072,100,3522,6,0
1784705564,partition_consumers,6176768,0,40960,100,5057,6,0
1784705564,consumer_watermarks,8192,0,16384,1,0,1,0
1784705564,seg_dedup,0,0,8192,0,0,0,0
1784705564,seg_segments,21438464,689709056,18071552,252348,0,6,0
1784705564,seg_partitions,3072000,0,131072,100,10424,6,0
1784705575,partition_consumers,6176768,0,40960,100,6296,6,0
1784705575,consumer_watermarks,8192,0,16384,1,3,1,0
1784705575,seg_dedup,0,0,8192,0,0,0,0
1784705575,seg_segments,22028288,708665344,18358272,259379,0,6,0
1784705575,seg_partitions,3072000,0,131072,100,17455,6,0
1784705586,partition_consumers,6176768,0,40960,100,5863,6,0
1784705586,consumer_watermarks,8192,0,16384,1,3,1,0
1784705586,seg_dedup,0,0,8192,0,0,0,0
1784705586,seg_segments,22691840,729948160,18890752,267123,0,6,0
1784705586,seg_partitions,3072000,0,172032,100,25199,6,0
1784705597,partition_consumers,6176768,0,40960,100,8340,6,0
1784705597,consumer_watermarks,8192,0,16384,1,3,1,0
1784705597,seg_dedup,0,0,8192,0,0,0,0
1784705597,seg_segments,23265280,748208128,19701760,273804,0,6,0
1784705597,seg_partitions,3072000,0,180224,100,31880,6,0
1784705608,partition_consumers,6897664,0,40960,100,4116,7,0
1784705608,consumer_watermarks,8192,0,16384,1,9,1,0
1784705608,seg_dedup,0,0,8192,0,0,0,0
1784705608,seg_segments,23896064,769417216,19988480,281717,0,7,0
1784705608,seg_partitions,3538944,0,180224,100,4000,7,0
1784705619,partition_consumers,6897664,0,40960,100,5667,7,0
1784705619,consumer_watermarks,8192,0,16384,1,9,1,0
1784705619,seg_dedup,0,0,8192,0,0,0,0
1784705619,seg_segments,24641536,791756800,20520960,289889,0,7,0
1784705619,seg_partitions,3538944,0,180224,100,12172,7,0
1784705629,partition_consumers,6897664,0,40960,100,7057,7,0
1784705629,consumer_watermarks,8192,0,16384,1,9,1,0
1784705629,seg_dedup,0,0,8192,0,0,0,0
1784705629,seg_segments,25346048,814047232,21364736,298087,0,7,0
1784705629,seg_partitions,3538944,0,180224,100,20370,7,0
1784705640,partition_consumers,6897664,0,40960,100,6932,7,0
1784705640,consumer_watermarks,8192,0,16384,1,14,1,0
1784705640,seg_dedup,0,0,8192,0,0,0,0
1784705640,seg_segments,25894912,832372736,21651456,304843,0,7,0
1784705640,seg_partitions,3538944,0,180224,100,27126,7,0
1784705651,partition_consumers,6897664,0,40960,100,7227,7,0
1784705651,consumer_watermarks,8192,0,16384,1,14,1,0
1784705651,seg_dedup,0,0,8192,0,0,0,0
1784705651,seg_segments,26353664,847888384,22192128,310454,0,7,0
1784705651,seg_partitions,3538944,0,180224,100,32737,7,0
1784705663,partition_consumers,6897664,0,40960,100,5588,7,0
1784705663,consumer_watermarks,8192,0,16384,1,14,1,0
1784705663,seg_dedup,0,0,8192,0,0,0,0
1784705663,seg_segments,26894336,865320960,22560768,316828,0,7,0
1784705663,seg_partitions,3538944,0,180224,100,39111,7,0
1784705673,partition_consumers,7208960,0,40960,100,2780,8,0
1784705673,consumer_watermarks,8192,0,16384,1,20,1,0
1784705673,seg_dedup,0,0,8192,0,0,0,0
1784705673,seg_segments,27361280,881942528,23011328,322792,0,8,0
1784705673,seg_partitions,3538944,0,180224,100,7340,8,0
1784705684,partition_consumers,7208960,0,40960,100,4050,8,0
1784705684,consumer_watermarks,8192,0,16384,1,20,1,0
1784705684,seg_dedup,0,0,8192,0,0,0,0
1784705684,seg_segments,27901952,899186688,23412736,329224,0,8,0
1784705684,seg_partitions,3538944,0,180224,100,13772,8,0
1784705695,partition_consumers,7208960,0,40960,100,5507,8,0
1784705695,consumer_watermarks,8192,0,16384,1,25,1,0
1784705695,seg_dedup,0,0,8192,0,0,0,0
1784705695,seg_segments,28557312,918298624,24076288,336105,0,8,0
1784705695,seg_partitions,3538944,0,180224,100,20653,8,0
1784705706,partition_consumers,7208960,0,40960,100,5783,8,0
1784705706,consumer_watermarks,8192,0,16384,1,25,1,0
1784705706,seg_dedup,0,0,8192,0,0,0,0
1784705706,seg_segments,28852224,929816576,24223744,340451,0,8,0
1784705706,seg_partitions,3538944,0,180224,100,24999,8,0
1784705717,partition_consumers,7208960,0,40960,100,7652,8,0
1784705717,consumer_watermarks,8192,0,16384,1,25,1,0
1784705717,seg_dedup,0,0,8192,0,0,0,0
1784705717,seg_segments,29310976,943366144,24666112,345437,0,8,0
1784705717,seg_partitions,3538944,0,180224,100,29985,8,0
1784705728,partition_consumers,7208960,0,40960,100,7587,8,0
1784705728,consumer_watermarks,8192,0,16384,1,32,1,0
1784705728,seg_dedup,0,0,8192,0,0,0,0
1784705728,seg_segments,29679616,956366848,24961024,350295,0,8,0
1784705728,seg_partitions,3538944,0,180224,100,34843,8,0
1784705740,partition_consumers,7208960,0,40960,100,4161,9,0
1784705740,consumer_watermarks,8192,0,16384,1,32,1,0
1784705740,seg_dedup,0,0,8192,0,0,0,0
1784705740,seg_segments,30105600,970309632,25485312,355248,0,9,0
1784705740,seg_partitions,3538944,0,180224,100,8611,9,0
1784705751,partition_consumers,7208960,0,40960,100,4826,9,0
1784705751,consumer_watermarks,8192,0,16384,1,32,1,0
1784705751,seg_dedup,0,0,8192,0,0,0,0
1784705751,seg_segments,30613504,986603520,25772032,361171,0,9,0
1784705751,seg_partitions,3538944,0,180224,100,14534,9,0
1784705763,partition_consumers,7208960,0,40960,100,5761,9,0
1784705763,consumer_watermarks,8192,0,16384,1,40,1,0
1784705763,seg_dedup,0,0,8192,0,0,0,0
1784705763,seg_segments,31129600,1003266048,26296320,367398,0,9,0
1784705763,seg_partitions,3538944,0,180224,100,20761,9,0
1784705774,partition_consumers,7208960,0,40960,100,6028,9,0
1784705774,consumer_watermarks,8192,0,16384,1,40,1,0
1784705774,seg_dedup,0,0,8192,0,0,0,0
1784705774,seg_segments,31629312,1018888192,26673152,373056,0,9,0
1784705774,seg_partitions,3538944,0,180224,100,26419,9,0
1784705785,partition_consumers,7208960,0,40960,100,6690,9,0
1784705785,consumer_watermarks,8192,0,16384,1,50,1,0
1784705785,seg_dedup,0,0,8192,0,0,0,0
1784705785,seg_segments,32112640,1034887168,27115520,378910,0,9,0
1784705785,seg_partitions,3538944,0,180224,100,32273,9,0
1784705796,partition_consumers,7208960,0,40960,100,7995,9,0
1784705796,consumer_watermarks,8192,0,16384,1,50,1,0
1784705796,seg_dedup,0,0,8192,0,0,0,0
1784705796,seg_segments,32768000,1053736960,27484160,384416,0,10,0
1784705796,seg_partitions,3538944,0,180224,100,7846,10,0
1784705807,partition_consumers,7208960,0,40960,100,5143,10,0
1784705807,consumer_watermarks,8192,0,16384,1,50,1,0
1784705807,seg_dedup,0,0,8192,0,0,0,0
1784705807,seg_segments,33292288,1073201152,28155904,391541,0,10,0
1784705807,seg_partitions,3538944,0,180224,100,14971,10,0
1784705819,partition_consumers,7208960,0,40960,100,5892,10,0
1784705819,consumer_watermarks,8192,0,16384,1,54,1,0
1784705819,seg_dedup,0,0,8192,0,0,0,0
1784705819,seg_segments,33882112,1091534848,28745728,398342,0,10,0
1784705819,seg_partitions,3538944,0,180224,100,21772,10,0
1784705832,partition_consumers,7208960,0,40960,100,3950,10,0
1784705832,consumer_watermarks,8192,0,16384,1,54,1,0
1784705832,seg_dedup,0,0,8192,0,0,0,0
1784705832,seg_segments,34349056,1106878464,28983296,403799,0,10,0
1784705832,seg_partitions,3538944,0,180224,100,27229,10,0
1784705843,partition_consumers,7208960,0,40960,100,5676,10,0
1784705843,consumer_watermarks,8192,0,16384,1,54,1,0
1784705843,seg_dedup,0,0,8192,0,0,0,0
1784705843,seg_segments,34824192,1121632256,29564928,409393,0,10,0
1784705843,seg_partitions,3538944,0,180224,100,32823,10,0
1784705854,partition_consumers,7208960,0,40960,100,7895,10,0
1784705854,consumer_watermarks,8192,0,16384,1,8,2,0
1784705854,seg_dedup,0,0,8192,0,0,0,0
1784705854,seg_segments,35151872,1134264320,29786112,174236,240929,11,0
1784705854,seg_partitions,3538944,0,180224,100,6213,11,0
1784705865,partition_consumers,7208960,0,40960,100,1977,11,0
1784705865,consumer_watermarks,8192,0,16384,1,8,2,0
1784705865,seg_dedup,0,0,8192,0,0,0,0
1784705865,seg_segments,35659776,1145446400,30375936,180369,240929,11,0
1784705865,seg_partitions,3538944,0,180224,100,12342,11,0
1784705878,partition_consumers,7208960,0,40960,100,3936,11,0
1784705878,consumer_watermarks,8192,0,16384,1,11,2,0
1784705878,seg_dedup,0,0,8192,0,0,0,0
1784705878,seg_segments,36151296,1145446400,30597120,185972,240929,11,0
1784705878,seg_partitions,3538944,0,180224,100,17945,11,0
1784705889,partition_consumers,7208960,0,40960,100,2784,11,0
1784705889,consumer_watermarks,8192,0,16384,1,11,2,0
1784705889,seg_dedup,0,0,8192,0,0,0,0
1784705889,seg_segments,36691968,1145446400,31227904,192368,240929,11,0
1784705889,seg_partitions,3538944,0,180224,100,24341,11,0
1784705900,partition_consumers,7208960,0,40960,100,5333,11,0
1784705900,consumer_watermarks,8192,0,16384,1,11,2,0
1784705900,seg_dedup,0,0,8192,0,0,0,0
1784705900,seg_segments,37273600,1145446400,31514624,199082,240929,11,0
1784705900,seg_partitions,3538944,0,180224,100,31055,11,0
1784705911,partition_consumers,7208960,0,40960,100,5725,11,0
1784705911,consumer_watermarks,8192,0,16384,1,17,2,0
1784705911,seg_dedup,0,0,8192,0,0,0,0
1784705911,seg_segments,37896192,1145446400,32038912,206069,240929,11,0
1784705911,seg_partitions,3538944,0,180224,100,38042,11,0
1784705922,partition_consumers,7208960,0,40960,100,1151,12,0
1784705922,consumer_watermarks,8192,0,16384,1,17,2,0
1784705922,seg_dedup,0,0,8192,0,0,0,0
1784705922,seg_segments,37961728,1145446400,32047104,210738,0,12,0
1784705922,seg_partitions,3538944,0,180224,100,10280,12,0
1784705934,partition_consumers,7208960,0,40960,100,3250,12,0
1784705934,consumer_watermarks,8192,0,16384,1,20,2,0
1784705934,seg_dedup,0,0,8192,0,0,0,0
1784705934,seg_segments,37961728,1145446400,32858112,217382,0,12,0
1784705934,seg_partitions,3538944,0,180224,100,16924,12,0
1784705944,partition_consumers,7208960,0,40960,100,4597,12,0
1784705944,consumer_watermarks,8192,0,16384,1,23,2,0
1784705944,seg_dedup,0,0,8192,0,0,0,0
1784705944,seg_segments,37961728,1145446400,33447936,225632,0,12,0
1784705944,seg_partitions,3538944,0,180224,100,25174,12,0
1784705956,partition_consumers,7208960,0,40960,100,3786,12,0
1784705956,consumer_watermarks,8192,0,16384,1,23,2,0
1784705956,seg_dedup,0,0,8192,0,0,0,0
1784705956,seg_segments,37961728,1145446400,33980416,234071,0,12,0
1784705956,seg_partitions,3538944,0,180224,100,33613,12,0
1784705967,partition_consumers,7208960,0,40960,100,3801,12,0
1784705967,consumer_watermarks,8192,0,16384,1,27,2,0
1784705967,seg_dedup,0,0,8192,0,0,0,0
1784705967,seg_segments,37961728,1145446400,34488320,241817,0,12,0
1784705967,seg_partitions,3538944,0,180224,100,41359,12,0
1784705978,partition_consumers,7208960,0,40960,100,2158,13,0
1784705978,consumer_watermarks,8192,0,16384,1,27,2,0
1784705978,seg_dedup,0,0,8192,0,0,0,0
1784705978,seg_segments,37961728,1145446400,34816000,249861,0,13,0
1784705978,seg_partitions,3538944,0,180224,100,11113,13,0
1784705989,partition_consumers,7208960,0,40960,100,4328,13,0
1784705989,consumer_watermarks,8192,0,16384,1,27,2,0
1784705989,seg_dedup,0,0,8192,0,0,0,0
1784705989,seg_segments,37961728,1145446400,34816000,256842,0,13,0
1784705989,seg_partitions,3538944,0,180224,100,18094,13,0
1784706000,partition_consumers,7208960,0,40960,100,3662,13,0
1784706000,consumer_watermarks,8192,0,16384,1,33,2,0
1784706000,seg_dedup,0,0,8192,0,0,0,0
1784706000,seg_segments,37961728,1145446400,34816000,264102,0,13,0
1784706000,seg_partitions,3538944,0,180224,100,25354,13,0
1784706011,partition_consumers,7208960,0,40960,100,3941,13,0
1784706011,consumer_watermarks,8192,0,16384,1,33,2,0
1784706011,seg_dedup,0,0,8192,0,0,0,0
1784706011,seg_segments,37961728,1145446400,34816000,270433,0,13,0
1784706011,seg_partitions,3538944,0,180224,100,31685,13,0
1784706022,partition_consumers,7208960,0,40960,100,2479,13,0
1784706022,consumer_watermarks,8192,0,16384,1,33,2,0
1784706022,seg_dedup,0,0,8192,0,0,0,0
1784706022,seg_segments,37961728,1145446400,34816000,277900,0,13,0
1784706022,seg_partitions,3538944,0,180224,100,39152,13,0
1784706034,partition_consumers,7208960,0,40960,100,2215,14,0
1784706034,consumer_watermarks,8192,0,16384,1,38,2,0
1784706034,seg_dedup,0,0,8192,0,0,0,0
1784706034,seg_segments,37961728,1145446400,34816000,281970,0,14,0
1784706034,seg_partitions,3538944,0,180224,100,4069,14,0
1784706045,partition_consumers,7208960,0,40960,100,3311,14,0
1784706045,consumer_watermarks,8192,0,16384,1,38,2,0
1784706045,seg_dedup,0,0,8192,0,0,0,0
1784706045,seg_segments,37961728,1145446400,34816000,288841,0,14,0
1784706045,seg_partitions,3538944,0,180224,100,10940,14,0
1784706056,partition_consumers,7208960,0,40960,100,3976,14,0
1784706056,consumer_watermarks,8192,0,16384,1,43,2,0
1784706056,seg_dedup,0,0,8192,0,0,0,0
1784706056,seg_segments,37961728,1145446400,34816000,294423,0,14,0
1784706056,seg_partitions,3538944,0,180224,100,16522,14,0
1784706067,partition_consumers,7208960,0,40960,100,5285,14,0
1784706067,consumer_watermarks,8192,0,16384,1,43,2,0
1784706067,seg_dedup,0,0,8192,0,0,0,0
1784706067,seg_segments,37961728,1145446400,34816000,300833,0,14,0
1784706067,seg_partitions,3538944,0,180224,100,22932,14,0
1784706079,partition_consumers,7208960,0,40960,100,5396,14,0
1784706079,consumer_watermarks,8192,0,16384,1,43,2,0
1784706079,seg_dedup,0,0,8192,0,0,0,0
1784706079,seg_segments,37961728,1145446400,34816000,306857,0,14,0
1784706079,seg_partitions,3538944,0,180224,100,28956,14,0
1784706090,partition_consumers,7208960,0,40960,100,5001,14,0
1784706090,consumer_watermarks,8192,0,16384,1,47,2,0
1784706090,seg_dedup,0,0,8192,0,0,0,0
1784706090,seg_segments,37961728,1145446400,34816000,312899,0,15,0
1784706090,seg_partitions,3538944,0,180224,100,5006,15,0
1784706103,partition_consumers,7208960,0,40960,100,4173,15,0
1784706103,consumer_watermarks,8192,0,16384,1,47,2,0
1784706103,seg_dedup,0,0,8192,0,0,0,0
1784706103,seg_segments,37961728,1145446400,34816000,320007,0,15,0
1784706103,seg_partitions,3538944,0,180224,100,12114,15,0
1784706114,partition_consumers,7208960,0,40960,100,6292,15,0
1784706114,consumer_watermarks,8192,0,16384,1,48,2,0
1784706114,seg_dedup,0,0,8192,0,0,0,0
1784706114,seg_segments,37961728,1145446400,34816000,327797,0,15,0
1784706114,seg_partitions,3538944,0,180224,100,19904,15,0
1784706125,partition_consumers,7208960,0,40960,100,5901,15,0
1784706125,consumer_watermarks,8192,0,16384,1,52,2,0
1784706125,seg_dedup,0,0,8192,0,0,0,0
1784706125,seg_segments,37961728,1145446400,34816000,335625,0,15,0
1784706125,seg_partitions,3538944,0,180224,100,27732,15,0
1784706136,partition_consumers,7208960,0,40960,100,7193,15,0
1784706136,consumer_watermarks,8192,0,16384,1,52,2,0
1784706136,seg_dedup,0,0,8192,0,0,0,0
1784706136,seg_segments,37961728,1145446400,34816000,342730,0,15,0
1784706136,seg_partitions,3538944,0,180224,100,34837,15,0
1784706147,partition_consumers,7208960,0,40960,100,5452,15,0
1784706147,consumer_watermarks,8192,0,16384,1,58,2,0
1784706147,seg_dedup,0,0,8192,0,0,0,0
1784706147,seg_segments,37961728,1145446400,34816000,348134,0,15,0
1784706147,seg_partitions,3538944,0,180224,100,40241,15,0
1784706157,partition_consumers,7208960,0,40960,100,3012,16,0
1784706157,consumer_watermarks,8192,0,16384,1,6,3,0
1784706157,seg_dedup,0,0,8192,0,0,0,0
1784706157,seg_segments,37961728,1145446400,34816000,183134,169341,16,0
1784706157,seg_partitions,3538944,0,180224,100,5472,16,0
1784706168,partition_consumers,7208960,0,40960,100,3438,16,0
1784706168,consumer_watermarks,8192,0,16384,1,6,3,0
1784706168,seg_dedup,0,0,8192,0,0,0,0
1784706168,seg_segments,37961728,1145446400,34816000,190879,169341,16,0
1784706168,seg_partitions,3538944,0,180224,100,13214,16,0
1784706179,partition_consumers,7208960,0,40960,100,4537,16,0
1784706179,consumer_watermarks,8192,0,16384,1,14,3,0
1784706179,seg_dedup,0,0,8192,0,0,0,0
1784706179,seg_segments,37961728,1145446400,34816000,198390,169341,16,0
1784706179,seg_partitions,3538944,0,180224,100,20725,16,0
1784706190,partition_consumers,7208960,0,40960,100,4886,16,0
1784706190,consumer_watermarks,8192,0,16384,1,14,3,0
1784706190,seg_dedup,0,0,8192,0,0,0,0
1784706190,seg_segments,37961728,1145446400,34816000,204938,169341,16,0
1784706190,seg_partitions,3538944,0,180224,100,27273,16,0
1784706201,partition_consumers,7208960,0,40960,100,5314,16,0
1784706201,consumer_watermarks,8192,0,16384,1,14,3,0
1784706201,seg_dedup,0,0,8192,0,0,0,0
1784706201,seg_segments,37961728,1145446400,34816000,212118,169341,16,0
1784706201,seg_partitions,3538944,0,180224,100,34453,16,0
1784706213,partition_consumers,7208960,0,40960,100,6414,16,0
1784706213,consumer_watermarks,8192,0,16384,1,21,3,0
1784706213,seg_dedup,0,0,8192,0,0,0,0
1784706213,seg_segments,37961728,1145446400,34816000,217892,169341,16,0
1784706213,seg_partitions,3538944,0,180224,100,40227,16,0
1784706226,partition_consumers,7208960,0,40960,100,3719,17,0
1784706226,consumer_watermarks,8192,0,16384,1,21,3,0
1784706226,seg_dedup,0,0,8192,0,0,0,0
1784706226,seg_segments,37961728,1145446400,34816000,222930,0,17,0
1784706226,seg_partitions,3538944,0,180224,100,10431,17,0
1784706237,partition_consumers,7208960,0,40960,100,4005,17,0
1784706237,consumer_watermarks,8192,0,16384,1,27,3,0
1784706237,seg_dedup,0,0,8192,0,0,0,0
1784706237,seg_segments,37961728,1145446400,34816000,229985,0,17,0
1784706237,seg_partitions,3538944,0,180224,100,17486,17,0
1784706249,partition_consumers,7208960,0,40960,100,3263,17,0
1784706249,consumer_watermarks,8192,0,16384,1,27,3,0
1784706249,seg_dedup,0,0,8192,0,0,0,0
1784706249,seg_segments,37961728,1145446400,34816000,235969,0,17,0
1784706249,seg_partitions,3538944,0,180224,100,23470,17,0
1784706261,partition_consumers,7208960,0,40960,100,4206,17,0
1784706261,consumer_watermarks,8192,0,16384,1,27,3,0
1784706261,seg_dedup,0,0,8192,0,0,0,0
1784706261,seg_segments,37961728,1145446400,34816000,241431,0,17,0
1784706261,seg_partitions,3538944,0,180224,100,28932,17,0
1784706271,partition_consumers,7208960,0,40960,100,3853,17,0
1784706271,consumer_watermarks,8192,0,16384,1,32,3,0
1784706271,seg_dedup,0,0,8192,0,0,0,0
1784706271,seg_segments,37961728,1145446400,34816000,249194,0,17,0
1784706271,seg_partitions,3538944,0,180224,100,36695,17,0
1784706282,partition_consumers,7208960,0,40960,100,3492,18,0
1784706282,consumer_watermarks,8192,0,16384,1,32,3,0
1784706282,seg_dedup,0,0,8192,0,0,0,0
1784706282,seg_segments,37961728,1145446400,34816000,256482,0,18,0
1784706282,seg_partitions,3538944,0,180224,100,11591,18,0
1784706293,partition_consumers,7208960,0,40960,100,2594,18,0
1784706293,consumer_watermarks,8192,0,16384,1,32,3,0
1784706293,seg_dedup,0,0,8192,0,0,0,0
1784706293,seg_segments,37961728,1145446400,34816000,263950,0,18,0
1784706293,seg_partitions,3538944,0,180224,100,19059,18,0
1784706304,partition_consumers,7208960,0,40960,100,4279,18,0
1784706304,consumer_watermarks,8192,0,16384,1,38,3,0
1784706304,seg_dedup,0,0,8192,0,0,0,0
1784706304,seg_segments,37961728,1145446400,34816000,271419,0,18,0
1784706304,seg_partitions,3538944,0,180224,100,26528,18,0
1784706315,partition_consumers,7208960,0,40960,100,4777,18,0
1784706315,consumer_watermarks,8192,0,16384,1,38,3,0
1784706315,seg_dedup,0,0,8192,0,0,0,0
1784706315,seg_segments,37961728,1145446400,34816000,277342,0,18,0
1784706315,seg_partitions,3538944,0,180224,100,32451,18,0
1784706326,partition_consumers,7208960,0,40960,100,2845,18,0
1784706326,consumer_watermarks,8192,0,16384,1,45,3,0
1784706326,seg_dedup,0,0,8192,0,0,0,0
1784706326,seg_segments,37961728,1145446400,34816000,284092,0,18,0
1784706326,seg_partitions,3538944,0,180224,100,39201,18,0
1784706337,partition_consumers,7208960,0,40960,100,4112,18,0
1784706337,consumer_watermarks,8192,0,16384,1,45,3,0
1784706337,seg_dedup,0,0,8192,0,0,0,0
1784706337,seg_segments,37961728,1145446400,34816000,288399,0,19,0
1784706337,seg_partitions,3538944,0,180224,100,6834,19,0
1784706348,partition_consumers,7208960,0,40960,100,4181,19,0
1784706348,consumer_watermarks,8192,0,16384,1,45,3,0
1784706348,seg_dedup,0,0,8192,0,0,0,0
1784706348,seg_segments,37961728,1145446400,34816000,295102,0,19,0
1784706348,seg_partitions,3538944,0,180224,100,13537,19,0
1784706359,partition_consumers,7208960,0,40960,100,6275,19,0
1784706359,consumer_watermarks,8192,0,16384,1,46,3,0
1784706359,seg_dedup,0,0,8192,0,0,0,0
1784706359,seg_segments,37961728,1145446400,34816000,302331,0,19,0
1784706359,seg_partitions,3538944,0,180224,100,20766,19,0
1784706370,partition_consumers,7208960,0,40960,100,4835,19,0
1784706370,consumer_watermarks,8192,0,16384,1,46,3,0
1784706370,seg_dedup,0,0,8192,0,0,0,0
1784706370,seg_segments,37961728,1145446400,34816000,309130,0,19,0
1784706370,seg_partitions,3538944,0,180224,100,27565,19,0
1784706381,partition_consumers,7208960,0,40960,100,7005,19,0
1784706381,consumer_watermarks,8192,0,16384,1,46,3,0
1784706381,seg_dedup,0,0,8192,0,0,0,0
1784706381,seg_segments,37961728,1145446400,34816000,316132,0,19,0
1784706381,seg_partitions,3538944,0,180224,100,34567,19,0
1784706393,partition_consumers,7208960,0,40960,100,6280,19,0
1784706393,consumer_watermarks,8192,0,16384,1,5,4,0
1784706393,seg_dedup,0,0,8192,0,0,0,0
1784706393,seg_segments,37961728,1145446400,34816000,320475,0,19,0
1784706393,seg_partitions,3538944,0,180224,100,38910,19,0
1784706403,partition_consumers,7208960,0,40960,100,3670,20,0
1784706403,consumer_watermarks,8192,0,16384,1,5,4,0
1784706403,seg_dedup,0,0,8192,0,0,0,0
1784706403,seg_segments,37961728,1145446400,34816000,327595,0,20,0
1784706403,seg_partitions,3538944,0,180224,100,11967,20,0
1784706415,partition_consumers,7208960,0,40960,100,5236,20,0
1784706415,consumer_watermarks,8192,0,16384,1,10,4,0
1784706415,seg_dedup,0,0,8192,0,0,0,0
1784706415,seg_segments,37961728,1145446400,34816000,334702,0,20,0
1784706415,seg_partitions,3538944,0,180224,100,19074,20,0
1784706426,partition_consumers,7208960,0,40960,100,6584,20,0
1784706426,consumer_watermarks,8192,0,16384,1,10,4,0
1784706426,seg_dedup,0,0,8192,0,0,0,0
1784706426,seg_segments,37961728,1145446400,34816000,341363,0,20,0
1784706426,seg_partitions,3538944,0,180224,100,25735,20,0
1784706437,partition_consumers,7208960,0,40960,100,6657,20,0
1784706437,consumer_watermarks,8192,0,16384,1,10,4,0
1784706437,seg_dedup,0,0,8192,0,0,0,0
1784706437,seg_segments,37961728,1145446400,34816000,346574,0,20,0
1784706437,seg_partitions,3538944,0,180224,100,30946,20,0
1784706449,partition_consumers,7208960,0,40960,100,4951,20,0
1784706449,consumer_watermarks,8192,0,16384,1,13,4,0
1784706449,seg_dedup,0,0,8192,0,0,0,0
1784706449,seg_segments,37961728,1145446400,34816000,350076,0,20,0
1784706449,seg_partitions,3538944,0,180224,100,34448,20,0
1784706459,partition_consumers,7208960,0,40960,100,914,21,0
1784706459,consumer_watermarks,8192,0,16384,1,13,4,0
1784706459,seg_dedup,0,0,8192,0,0,0,0
1784706459,seg_segments,37961728,1145446400,34816000,176610,177689,21,0
1784706459,seg_partitions,3538944,0,180224,100,5618,21,0
1784706470,partition_consumers,7208960,0,40960,100,1078,21,0
1784706470,consumer_watermarks,8192,0,16384,1,13,4,0
1784706470,seg_dedup,0,0,8192,0,0,0,0
1784706470,seg_segments,37961728,977010688,34816000,183985,177689,21,0
1784706470,seg_partitions,3538944,0,180224,100,12982,21,0
1784706481,partition_consumers,7208960,0,40960,100,3059,21,0
1784706481,consumer_watermarks,8192,0,16384,1,18,4,0
1784706481,seg_dedup,0,0,8192,0,0,0,0
1784706481,seg_segments,37961728,949026816,34816000,191215,177689,21,0
1784706481,seg_partitions,3538944,0,180224,100,20212,21,0
1784706492,partition_consumers,7208960,0,40960,100,1619,21,0
1784706492,consumer_watermarks,8192,0,16384,1,18,4,0
1784706492,seg_dedup,0,0,8192,0,0,0,0
1784706492,seg_segments,37961728,949026816,34816000,197829,177689,21,0
1784706492,seg_partitions,3538944,0,180224,100,26826,21,0
1784706504,partition_consumers,7208960,0,40960,100,3231,21,0
1784706504,consumer_watermarks,8192,0,16384,1,21,4,0
1784706504,seg_dedup,0,0,8192,0,0,0,0
1784706504,seg_segments,37961728,949026816,34816000,203411,177689,21,0
1784706504,seg_partitions,3538944,0,180224,100,32408,21,0
1784706516,partition_consumers,7208960,0,40960,100,2251,21,0
1784706516,consumer_watermarks,8192,0,16384,1,22,4,0
1784706516,seg_dedup,0,0,8192,0,0,0,0
1784706516,seg_segments,37961728,949026816,34816000,210708,177689,21,0
1784706516,seg_partitions,3538944,0,180224,100,5158,22,0
1784706527,partition_consumers,7208960,0,40960,100,1923,22,0
1784706527,consumer_watermarks,8192,0,16384,1,22,4,0
1784706527,seg_dedup,0,0,8192,0,0,0,0
1784706527,seg_segments,37961728,949026816,34816000,216441,0,22,0
1784706527,seg_partitions,3538944,0,180224,100,10935,22,0
1784706538,partition_consumers,7208960,0,40960,100,4100,22,0
1784706538,consumer_watermarks,8192,0,16384,1,28,4,0
1784706538,seg_dedup,0,0,8192,0,0,0,0
1784706538,seg_segments,37961728,949026816,34816000,223164,0,22,0
1784706538,seg_partitions,3538944,0,180224,100,17658,22,0
1784706549,partition_consumers,7208960,0,40960,100,4148,22,0
1784706549,consumer_watermarks,8192,0,16384,1,28,4,0
1784706549,seg_dedup,0,0,8192,0,0,0,0
1784706549,seg_segments,37961728,949026816,34816000,229491,0,22,0
1784706549,seg_partitions,3538944,0,180224,100,23985,22,0
1784706560,partition_consumers,7208960,0,40960,100,3098,22,0
1784706560,consumer_watermarks,8192,0,16384,1,28,4,0
1784706560,seg_dedup,0,0,8192,0,0,0,0
1784706560,seg_segments,37961728,949026816,34816000,236322,0,22,0
1784706560,seg_partitions,3538944,0,180224,100,30816,22,0
1784706572,partition_consumers,7208960,0,40960,100,4421,22,0
1784706572,consumer_watermarks,8192,0,16384,1,33,4,0
1784706572,seg_dedup,0,0,8192,0,0,0,0
1784706572,seg_segments,37961728,949026816,34816000,242936,0,22,0
1784706572,seg_partitions,3538944,0,180224,100,37430,22,0
1784706583,partition_consumers,7208960,0,40960,100,5565,22,0
1784706583,consumer_watermarks,8192,0,16384,1,33,4,0
1784706583,seg_dedup,0,0,8192,0,0,0,0
1784706583,seg_segments,37961728,949026816,34824192,249424,0,23,0
1784706583,seg_partitions,3538944,0,180224,100,9416,23,0
1784706594,partition_consumers,7208960,0,40960,100,4394,23,0
1784706594,consumer_watermarks,8192,0,16384,1,38,4,0
1784706594,seg_dedup,0,0,8192,0,0,0,0
1784706594,seg_segments,37961728,949026816,34824192,256608,0,23,0
1784706594,seg_partitions,3538944,0,180224,100,16600,23,0
1784706605,partition_consumers,7208960,0,40960,100,2139,23,0
1784706605,consumer_watermarks,8192,0,16384,1,40,4,0
1784706605,seg_dedup,0,0,8192,0,0,0,0
1784706605,seg_segments,37961728,949026816,34824192,264077,0,23,0
1784706605,seg_partitions,3538944,0,180224,100,24069,23,0
1784706617,partition_consumers,7208960,0,40960,100,2649,23,0
1784706617,consumer_watermarks,8192,0,16384,1,40,4,0
1784706617,seg_dedup,0,0,8192,0,0,0,0
1784706617,seg_segments,37961728,949026816,34824192,269957,0,23,0
1784706617,seg_partitions,3538944,0,180224,100,29949,23,0
1784706628,partition_consumers,7208960,0,40960,100,3974,23,0
1784706628,consumer_watermarks,8192,0,16384,1,44,4,0
1784706628,seg_dedup,0,0,8192,0,0,0,0
1784706628,seg_segments,37961728,949026816,34824192,276720,0,23,0
1784706628,seg_partitions,3538944,0,180224,100,36712,23,0
1784706640,partition_consumers,7208960,0,40960,100,3551,23,0
1784706640,consumer_watermarks,8192,0,16384,1,44,4,0
1784706640,seg_dedup,0,0,8192,0,0,0,0
1784706640,seg_segments,37961728,949026816,34824192,283431,0,24,0
1784706640,seg_partitions,3538944,0,180224,100,10689,24,0
1784706651,partition_consumers,7208960,0,40960,100,2255,24,0
1784706651,consumer_watermarks,8192,0,16384,1,44,4,0
1784706651,seg_dedup,0,0,8192,0,0,0,0
1784706651,seg_segments,37961728,949026816,34824192,290385,0,24,0
1784706651,seg_partitions,3538944,0,180224,100,17643,24,0
1784706662,partition_consumers,7208960,0,40960,100,1966,24,0
1784706662,consumer_watermarks,8192,0,16384,1,50,4,0
1784706662,seg_dedup,0,0,8192,0,0,0,0
1784706662,seg_segments,37961728,949026816,34824192,297007,0,24,0
1784706662,seg_partitions,3538944,0,180224,100,24265,24,0
1784706672,partition_consumers,7208960,0,40960,100,2616,24,0
1784706672,consumer_watermarks,8192,0,16384,1,50,4,0
1784706672,seg_dedup,0,0,8192,0,0,0,0
1784706672,seg_segments,37961728,949026816,34824192,302355,0,24,0
1784706672,seg_partitions,3538944,0,180224,100,29613,24,0
1784706684,partition_consumers,7208960,0,40960,100,3705,24,0
1784706684,consumer_watermarks,8192,0,16384,1,50,4,0
1784706684,seg_dedup,0,0,8192,0,0,0,0
1784706684,seg_segments,37961728,949026816,34824192,308207,0,24,0
1784706684,seg_partitions,3538944,0,180224,100,35465,24,0
1784706695,partition_consumers,7208960,0,40960,100,4993,24,0
1784706695,consumer_watermarks,8192,0,16384,1,10,5,0
1784706695,seg_dedup,0,0,8192,0,0,0,0
1784706695,seg_segments,37961728,949026816,34824192,314381,0,24,0
1784706695,seg_partitions,3538944,0,180224,100,7933,25,0
1784706706,partition_consumers,7208960,0,40960,100,3391,25,0
1784706706,consumer_watermarks,8192,0,16384,1,10,5,0
1784706706,seg_dedup,0,0,8192,0,0,0,0
1784706706,seg_segments,37961728,949026816,34824192,321051,0,25,0
1784706706,seg_partitions,3538944,0,180224,100,14709,25,0
1784706717,partition_consumers,7208960,0,40960,100,4147,25,0
1784706717,consumer_watermarks,8192,0,16384,1,14,5,0
1784706717,seg_dedup,0,0,8192,0,0,0,0
1784706717,seg_segments,37961728,949026816,34824192,327390,0,25,0
1784706717,seg_partitions,3538944,0,180224,100,21048,25,0
1784706728,partition_consumers,7208960,0,40960,100,4915,25,0
1784706728,consumer_watermarks,8192,0,16384,1,14,5,0
1784706728,seg_dedup,0,0,8192,0,0,0,0
1784706728,seg_segments,37961728,949026816,34824192,333119,0,25,0
1784706728,seg_partitions,3538944,0,180224,100,26777,25,0
1784706740,partition_consumers,7208960,0,40960,100,6348,25,0
1784706740,consumer_watermarks,8192,0,16384,1,14,5,0
1784706740,seg_dedup,0,0,8192,0,0,0,0
1784706740,seg_segments,37961728,949026816,34824192,339283,0,25,0
1784706740,seg_partitions,3538944,0,180224,100,32941,25,0
1784706751,partition_consumers,7208960,0,40960,100,6689,25,0
1784706751,consumer_watermarks,8192,0,16384,1,25,5,0
1784706751,seg_dedup,0,0,8192,0,0,0,0
1784706751,seg_segments,37961728,949026816,34824192,172414,171307,25,0
1784706751,seg_partitions,3538944,0,180224,100,37479,25,0
1784706762,partition_consumers,7208960,0,40960,100,4684,25,0
1784706762,consumer_watermarks,8192,0,16384,1,25,5,0
1784706762,seg_dedup,0,0,8192,0,0,0,0
1784706762,seg_segments,37961728,957464576,34824192,179233,0,26,0
1784706762,seg_partitions,3538944,0,180224,100,10380,26,0
1784706773,partition_consumers,7208960,0,40960,100,2342,26,0
1784706773,consumer_watermarks,8192,0,16384,1,25,5,0
1784706773,seg_dedup,0,0,8192,0,0,0,0
1784706773,seg_segments,37961728,962297856,34824192,185059,0,26,0
1784706773,seg_partitions,3538944,0,180224,100,16206,26,0
1784706784,partition_consumers,7208960,0,40960,100,3855,26,0
1784706784,consumer_watermarks,8192,0,16384,1,32,5,0
1784706784,seg_dedup,0,0,8192,0,0,0,0
1784706784,seg_segments,37961728,962297856,34824192,192446,0,26,0
1784706784,seg_partitions,3538944,0,180224,100,23593,26,0
1784706796,partition_consumers,7208960,0,40960,100,3042,26,0
1784706796,consumer_watermarks,8192,0,16384,1,32,5,0
1784706796,seg_dedup,0,0,8192,0,0,0,0
1784706796,seg_segments,37961728,962297856,34824192,198698,0,26,0
1784706796,seg_partitions,3538944,0,180224,100,29845,26,0
1784706807,partition_consumers,7208960,0,40960,100,5160,26,0
1784706807,consumer_watermarks,8192,0,16384,1,36,5,0
1784706807,seg_dedup,0,0,8192,0,0,0,0
1784706807,seg_segments,37961728,962297856,34824192,205580,0,26,0
1784706807,seg_partitions,3538944,0,180224,100,36727,26,0
1784706818,partition_consumers,7208960,0,40960,100,3001,26,0
1784706818,consumer_watermarks,8192,0,16384,1,35,5,0
1784706818,seg_dedup,0,0,8192,0,0,0,0
1784706818,seg_segments,37961728,962297856,34824192,213038,0,26,0
1784706818,seg_partitions,3538944,0,180224,100,9724,27,0
1784706829,partition_consumers,7208960,0,40960,100,1503,27,0
1784706829,consumer_watermarks,8192,0,16384,1,35,5,0
1784706829,seg_dedup,0,0,8192,0,0,0,0
1784706829,seg_segments,37961728,962297856,34824192,220030,0,27,0
1784706829,seg_partitions,3538944,0,180224,100,16642,27,0
1784706840,partition_consumers,7208960,0,40960,100,3394,27,0
1784706840,consumer_watermarks,8192,0,16384,1,40,5,0
1784706840,seg_dedup,0,0,8192,0,0,0,0
1784706840,seg_segments,37961728,962297856,34824192,227063,0,27,0
1784706840,seg_partitions,3538944,0,180224,100,23675,27,0
1784706851,partition_consumers,7208960,0,40960,100,3196,27,0
1784706851,consumer_watermarks,8192,0,16384,1,40,5,0
1784706851,seg_dedup,0,0,8192,0,0,0,0
1784706851,seg_segments,37961728,962297856,34824192,233582,0,27,0
1784706851,seg_partitions,3538944,0,180224,100,30194,27,0
1784706862,partition_consumers,7208960,0,40960,100,1358,27,0
1784706862,consumer_watermarks,8192,0,16384,1,40,5,0
1784706862,seg_dedup,0,0,8192,0,0,0,0
1784706862,seg_segments,37961728,962297856,34824192,240173,0,27,0
1784706862,seg_partitions,3538944,0,180224,100,36785,27,0
1784706873,partition_consumers,7208960,0,40960,100,2617,27,0
1784706873,consumer_watermarks,8192,0,16384,1,44,5,0
1784706873,seg_dedup,0,0,8192,0,0,0,0
1784706873,seg_segments,37961728,962297856,34824192,246289,0,27,0
1784706873,seg_partitions,3538944,0,180224,100,42916,27,0
1784706884,partition_consumers,7208960,0,40960,100,1489,28,0
1784706884,consumer_watermarks,8192,0,16384,1,44,5,0
1784706884,seg_dedup,0,0,8192,0,0,0,0
1784706884,seg_segments,37961728,962297856,34824192,253279,0,28,0
1784706884,seg_partitions,3538944,0,180224,100,13078,28,0
1784706896,partition_consumers,7208960,0,40960,100,2172,28,0
1784706896,consumer_watermarks,8192,0,16384,1,51,5,0
1784706896,seg_dedup,0,0,8192,0,0,0,0
1784706896,seg_segments,37961728,962297856,34824192,259457,0,28,0
1784706896,seg_partitions,3538944,0,180224,100,19256,28,0
1784706908,partition_consumers,7208960,0,40960,100,3089,28,0
1784706908,consumer_watermarks,8192,0,16384,1,51,5,0
1784706908,seg_dedup,0,0,8192,0,0,0,0
1784706908,seg_segments,37961728,962297856,34824192,264120,0,28,0
1784706908,seg_partitions,3538944,0,180224,100,23919,28,0
1784706919,partition_consumers,7208960,0,40960,100,1406,28,0
1784706919,consumer_watermarks,8192,0,16384,1,51,5,0
1784706919,seg_dedup,0,0,8192,0,0,0,0
1784706919,seg_segments,37961728,962297856,34824192,270841,0,28,0
1784706919,seg_partitions,3538944,0,180224,100,30640,28,0
1784706930,partition_consumers,7208960,0,40960,100,2631,28,0
1784706930,consumer_watermarks,8192,0,16384,1,0,6,0
1784706930,seg_dedup,0,0,8192,0,0,0,0
1784706930,seg_segments,37961728,962297856,34824192,277910,0,28,0
1784706930,seg_partitions,3538944,0,180224,100,37709,28,0
1784706941,partition_consumers,7208960,0,40960,100,2784,28,0
1784706941,consumer_watermarks,8192,0,16384,1,0,6,0
1784706941,seg_dedup,0,0,8192,0,0,0,0
1784706941,seg_segments,37961728,962297856,34824192,285185,0,29,0
1784706941,seg_partitions,3538944,0,180224,100,10431,29,0
1784706952,partition_consumers,7208960,0,40960,100,2874,29,0
1784706952,consumer_watermarks,8192,0,16384,1,0,6,0
1784706952,seg_dedup,0,0,8192,0,0,0,0
1784706952,seg_segments,37961728,962297856,34824192,292701,0,29,0
1784706952,seg_partitions,3538944,0,180224,100,17947,29,0
1784706963,partition_consumers,7208960,0,40960,100,3700,29,0
1784706963,consumer_watermarks,8192,0,16384,1,5,6,0
1784706963,seg_dedup,0,0,8192,0,0,0,0
1784706963,seg_segments,37961728,962297856,34824192,299691,0,29,0
1784706963,seg_partitions,3538944,0,180224,100,24937,29,0
1784706974,partition_consumers,7208960,0,40960,100,2582,29,0
1784706974,consumer_watermarks,8192,0,16384,1,5,6,0
1784706974,seg_dedup,0,0,8192,0,0,0,0
1784706974,seg_segments,37961728,962297856,34824192,306324,0,29,0
1784706974,seg_partitions,3538944,0,180224,100,31570,29,0
1784706985,partition_consumers,7208960,0,40960,100,3181,29,0
1784706985,consumer_watermarks,8192,0,16384,1,9,6,0
1784706985,seg_dedup,0,0,8192,0,0,0,0
1784706985,seg_segments,37961728,962297856,34824192,311412,0,29,0
1784706985,seg_partitions,3538944,0,180224,100,36658,29,0
1784706998,partition_consumers,7208960,0,40960,100,3731,29,0
1784706998,consumer_watermarks,8192,0,16384,1,9,6,0
1784706998,seg_dedup,0,0,8192,0,0,0,0
1784706998,seg_segments,37961728,962297856,34824192,316815,0,29,0
1784706998,seg_partitions,3538944,0,180224,100,7492,30,0
1784707009,partition_consumers,7208960,0,40960,100,4217,30,0
1784707009,consumer_watermarks,8192,0,16384,1,9,6,0
1784707009,seg_dedup,0,0,8192,0,0,0,0
1784707009,seg_segments,37961728,962297856,34824192,321242,0,30,0
1784707009,seg_partitions,3538944,0,180224,100,12068,30,0
1784707020,partition_consumers,7208960,0,40960,100,2799,30,0
1784707020,consumer_watermarks,8192,0,16384,1,14,6,0
1784707020,seg_dedup,0,0,8192,0,0,0,0
1784707020,seg_segments,37961728,962297856,34824192,327180,0,30,0
1784707020,seg_partitions,3538944,0,180224,100,18006,30,0
1784707031,partition_consumers,7208960,0,40960,100,6022,30,0
1784707031,consumer_watermarks,8192,0,16384,1,14,6,0
1784707031,seg_dedup,0,0,8192,0,0,0,0
1784707031,seg_segments,37961728,962297856,34824192,332390,0,30,0
1784707031,seg_partitions,3538944,0,180224,100,23216,30,0
1784707042,partition_consumers,7208960,0,40960,100,6091,30,0
1784707042,consumer_watermarks,8192,0,16384,1,14,6,0
1784707042,seg_dedup,0,0,8192,0,0,0,0
1784707042,seg_segments,37961728,962297856,34824192,337221,0,30,0
1784707042,seg_partitions,3538944,0,180224,100,28047,30,0
